,Reservation-id,Reservation_Status
0,62931593,0
1,70586099,0
2,4230648,2
3,25192322,0
4,80931528,0
5,64700386,0
6,16938050,2
7,90487908,0
8,5595445,0
9,17502557,0
10,92229895,1
11,27386334,0
12,76765181,0
13,40697301,1
14,63963888,0
15,27282946,0
16,8696141,0
17,52621292,0
18,21821230,0
19,12316731,0
20,93926052,1
21,5935873,0
22,56971851,0
23,72701445,0
24,27017349,0
25,60891446,0
26,27044174,0
27,88238517,0
28,61900789,0
29,64883577,0
30,55378041,1
31,53798465,0
32,60781799,1
33,94752419,1
34,60425470,0
35,96410589,0
36,41224708,0
37,74972878,0
38,50824748,0
39,94524482,0
40,32635033,0
41,92183172,1
42,28323092,0
43,86372652,0
44,19585428,0
45,42025914,0
46,85872241,0
47,16826564,2
48,80812644,1
49,64063500,1
50,39990516,1
51,71506176,0
52,70061836,0
53,25308221,0
54,75655661,0
55,41754532,0
56,87457897,0
57,33332229,1
58,43160739,0
59,76748822,0
60,35120015,0
61,40281701,0
62,27470890,0
63,18603967,0
64,65425620,0
65,42460243,0
66,2260132,0
67,20252884,0
68,15834405,0
69,90882609,0
70,76274266,0
71,13465422,0
72,4154680,2
73,4039529,0
74,6464114,0
75,21522961,0
76,25365627,0
77,22773391,0
78,14737797,0
79,39495485,0
80,69167054,2
81,46999433,1
82,23730056,1
83,65593958,0
84,1794817,0
85,568595,0
86,25540175,0
87,84281735,0
88,43117940,0
89,61747940,0
90,83033730,0
91,50132508,0
92,91149643,0
93,22294408,0
94,83629935,0
95,90562901,0
96,23362123,0
97,25574994,0
98,96601070,1
99,9849013,0
100,61268622,0
101,71369022,0
102,56819796,1
103,44480838,1
104,46997829,0
105,19493041,0
106,44705080,0
107,68317504,1
108,99142742,1
109,10932581,0
110,34186149,0
111,14986967,1
112,75352672,0
113,73587761,0
114,24225853,0
115,31053495,1
116,7544562,0
117,84009718,0
118,12848784,1
119,22206000,0
120,71645476,0
121,63933616,2
122,98523961,0
123,48949293,0
124,54039707,0
125,74268516,0
126,61747586,0
127,73468379,0
128,11357536,1
129,57315445,0
130,98107193,0
131,36317156,0
132,87140045,0
133,3858417,0
134,3484037,0
135,22152722,0
136,57476767,0
137,76342541,2
138,45672997,1
139,56546990,0
140,95346355,1
141,33870599,0
142,48651179,0
143,66744667,1
144,33429510,0
145,29185964,0
146,22782756,0
147,93139781,0
148,40786744,1
149,6137983,0
150,44476577,0
151,451424,1
152,36633039,0
153,59841829,0
154,86808792,0
155,44607177,0
156,94259414,0
157,93524061,0
158,40513594,2
159,97015202,0
160,94354381,1
161,49608182,1
162,12910803,0
163,7510007,1
164,81843718,0
165,2368054,0
166,38850660,0
167,86780562,2
168,80159546,0
169,31891030,1
170,65616811,0
171,50402056,0
172,60253225,0
173,58193137,0
174,10638256,0
175,89721533,0
176,39259056,0
177,81117513,0
178,62838233,1
179,16279861,1
180,81200609,0
181,67118671,1
182,49644870,0
183,50082265,0
184,20794778,0
185,73042352,0
186,18409964,0
187,70788551,2
188,42004070,0
189,34115215,0
190,84539295,2
191,60111231,0
192,56321763,0
193,17905639,0
194,52664408,2
195,98921286,0
196,46096867,0
197,51499029,1
198,9425826,2
199,61763538,0
200,68767075,1
201,24065252,0
202,56151689,2
203,95687144,0
204,51881559,0
205,32939582,0
206,269319,0
207,87676829,0
208,77358652,0
209,92544167,1
210,87927325,0
211,38001139,0
212,4542842,0
213,70512641,0
214,52717568,0
215,67352978,0
216,4734692,1
217,83194140,0
218,93223407,0
219,65758952,0
220,91585570,0
221,59665742,0
222,17786035,0
223,74306619,1
224,44014777,0
225,88020741,1
226,56480485,1
227,36492621,1
228,72255960,0
229,96786267,2
230,36743163,2
231,61808366,0
232,4084643,0
233,55305311,0
234,6656692,0
235,35268612,0
236,30099568,0
237,49913126,0
238,81650927,1
239,47515896,0
240,21898328,1
241,73043218,0
242,65630542,0
243,63409154,0
244,25080457,0
245,19836054,1
246,83975325,0
247,15293012,0
248,78131327,1
249,38344172,2
250,15136951,0
251,95066467,0
252,69364978,0
253,83076151,0
254,45815750,1
255,28146454,0
256,35190891,0
257,46923817,0
258,9659883,0
259,19358187,2
260,45244301,0
261,7243540,0
262,37331725,0
263,43649142,0
264,67311265,0
265,97787496,0
266,68829691,1
267,14898599,0
268,2208574,0
269,85411428,0
270,92473170,0
271,24920269,0
272,82468346,0
273,61464854,2
274,64260613,0
275,58562037,2
276,47934607,0
277,18473518,0
278,6174918,0
279,92692764,0
280,28515154,1
281,50675442,0
282,53261183,0
283,62286239,0
284,6723048,0
285,11135004,0
286,93506333,2
287,12386368,0
288,3680052,0
289,63716527,1
290,12431258,0
291,12946891,0
292,38282546,1
293,19585385,0
294,61708136,2
295,36684071,0
296,92236537,0
297,7934880,1
298,52580122,0
299,33053296,0
300,26818960,0
301,80423078,0
302,4535931,0
303,48747739,0
304,43683213,1
305,5025557,0
306,53985327,0
307,92923307,0
308,88450074,0
309,72110617,0
310,97619755,0
311,9236843,1
312,47095080,0
313,87587990,0
314,82451090,0
315,25553539,0
316,60362942,1
317,35025933,1
318,46262420,0
319,54353311,0
320,45625478,0
321,22498134,2
322,38550520,0
323,59567899,0
324,85263081,1
325,86272483,0
326,77150487,0
327,2718958,0
328,86529128,0
329,63593222,0
330,97907044,0
331,57117704,0
332,34139728,1
333,69755703,1
334,50295425,0
335,489569,0
336,20460868,0
337,34146657,0
338,44442423,0
339,61735297,0
340,16238707,0
341,98540026,0
342,16232630,1
343,88794796,0
344,52604895,0
345,92337882,0
346,9201042,0
347,91836596,0
348,16527896,0
349,41614945,1
350,29951275,0
351,75058864,1
352,95310373,1
353,73653384,0
354,32004848,1
355,53583531,0
356,58034214,0
357,98233510,0
358,4454983,0
359,672637,0
360,68525273,0
361,21361529,2
362,67048647,0
363,67690197,0
364,61528433,0
365,97727786,0
366,37595100,0
367,6302097,2
368,69754182,0
369,72259602,0
370,3641848,1
371,32731707,0
372,3556731,0
373,60940241,1
374,93897474,0
375,65715013,2
376,82670065,0
377,98928971,0
378,9907656,0
379,52294619,2
380,82509446,0
381,14366947,0
382,86425434,0
383,38431913,0
384,84678556,0
385,26967757,0
386,30037430,0
387,10378995,0
388,65525448,0
389,79897767,0
390,738956,1
391,52312220,0
392,12973691,0
393,1136559,0
394,85771728,0
395,83911057,1
396,78641911,1
397,56483609,0
398,97270148,0
399,22744114,0
400,3477007,0
401,11471017,0
402,65751836,0
403,78283725,0
404,68656076,2
405,34125677,1
406,29373913,0
407,32247205,0
408,70741695,1
409,74248187,2
410,92259027,0
411,3596204,0
412,23506394,0
413,65045531,1
414,98577176,1
415,59986478,0
416,94955605,1
417,35655135,0
418,23663674,0
419,99664548,2
420,59855510,0
421,18969348,0
422,26265371,2
423,55750229,0
424,89602422,0
425,90783462,0
426,34300225,0
427,46903391,0
428,80155697,1
429,27662142,0
430,6222390,0
431,85524525,0
432,37480007,0
433,55428598,0
434,65797493,0
435,20061960,0
436,47199087,0
437,10260418,2
438,9746752,0
439,67139468,0
440,60634871,1
441,53819054,0
442,89830064,1
443,33243297,1
444,34890362,1
445,35896451,0
446,34911706,0
447,25998722,1
448,97178538,0
449,649124,0
450,61367175,0
451,17460804,2
452,85973647,0
453,44925821,0
454,42420723,0
455,69893288,2
456,31899876,0
457,62575378,0
458,63669387,0
459,55667532,2
460,70405950,0
461,38224976,0
462,90491030,0
463,72970791,0
464,40483145,2
465,87800461,0
466,94525681,0
467,93422353,0
468,39341346,0
469,65817461,0
470,81624414,0
471,49497444,1
472,1164005,2
473,85925462,0
474,91210577,0
475,90397982,0
476,79389419,0
477,32941111,0
478,86861463,0
479,94442457,1
480,38607749,0
481,70560954,0
482,29388468,0
483,84899203,0
484,22945006,0
485,30689639,0
486,61622598,0
487,95414443,1
488,43581896,1
489,86078165,0
490,77062771,0
491,84263576,1
492,12584187,0
493,11256358,0
494,9122782,0
495,43778704,0
496,17470915,0
497,65940919,0
498,25192909,0
499,40113251,2
500,27380459,0
501,93153045,0
502,71846686,0
503,4363902,0
504,89617312,0
505,77224569,0
506,60284929,0
507,89154977,2
508,38987701,0
509,60529273,0
510,80988629,2
511,95564150,1
512,23565115,0
513,71925855,0
514,56594943,1
515,62896128,1
516,320974,0
517,61945559,0
518,51102079,0
519,17944404,1
520,74097915,0
521,72961577,0
522,9406065,1
523,31712999,0
524,772477,0
525,40876045,1
526,15525680,0
527,1220121,0
528,66373347,0
529,77485565,0
530,1709337,2
531,78783753,0
532,36118674,0
533,16034345,0
534,95411958,1
535,65283644,0
536,65974018,0
537,97308841,0
538,94035715,0
539,2780702,0
540,57537559,0
541,51223964,0
542,47840681,0
543,67776455,0
544,89529997,1
545,57812290,0
546,94519587,0
547,79663212,0
548,54828270,0
549,74811794,2
550,83345601,0
551,56570387,0
552,95026867,0
553,51381402,0
554,58074618,0
555,45015777,0
556,20609696,0
557,53246505,0
558,17367864,0
559,78968593,1
560,75176421,0
561,61418404,0
562,85020961,0
563,91920213,0
564,20137143,0
565,32345779,0
566,34956784,0
567,73216190,0
568,81278503,1
569,76449258,0
570,39481842,0
571,59827519,0
572,47252802,0
573,35043113,0
574,24583080,0
575,73050389,0
576,72460331,0
577,76872180,0
578,2132883,0
579,24137681,0
580,91676758,0
581,51264056,1
582,34657093,2
583,82768374,0
584,62247784,0
585,9209094,1
586,8727009,1
587,99694281,2
588,75890985,0
589,7334404,0
590,69203107,0
591,15049567,0
592,40660103,2
593,84200991,0
594,68582654,0
595,78684562,0
596,2255268,0
597,16921933,0
598,63837732,0
599,4731034,2
600,2823450,0
601,65338348,0
602,70252390,0
603,68425557,0
604,35313163,0
605,90162894,0
606,22124694,0
607,93127191,1
608,66087258,0
609,99927089,0
610,66271439,0
611,33981655,1
612,45405102,0
613,74623799,0
614,45329763,0
615,40057073,0
616,98869764,0
617,63689535,0
618,40679347,0
619,10231015,0
620,4768008,0
621,84146039,0
622,58162426,0
623,72961971,0
624,89192605,0
625,29711403,0
626,38619269,1
627,18739601,0
628,67221043,0
629,30962836,0
630,57123141,0
631,64247976,0
632,32539333,0
633,71881293,0
634,4498414,1
635,30658759,0
636,50848259,0
637,42166026,0
638,60918816,1
639,8554259,0
640,79685291,0
641,18061332,0
642,34182637,0
643,20209689,0
644,70923481,0
645,53176772,0
646,57825978,0
647,76289146,0
648,70522186,0
649,79469857,0
650,56567337,0
651,65100356,0
652,67322260,0
653,84520269,0
654,31754068,0
655,80079409,0
656,88645371,0
657,72759458,0
658,26478361,0
659,84805785,0
660,54353676,2
661,42664865,1
662,68053239,2
663,19544177,0
664,2042510,0
665,16366144,0
666,12280716,0
667,64301770,0
668,75984731,0
669,71615098,0
670,82440114,0
671,3633598,0
672,28676460,2
673,25997925,0
674,13468858,1
675,76193682,0
676,15938319,0
677,26316748,1
678,69906105,0
679,99146661,0
680,5100624,0
681,51555503,0
682,23378791,0
683,10181515,0
684,25247938,2
685,66900837,0
686,50504572,0
687,86339920,0
688,84106109,0
689,27926291,1
690,24563762,0
691,26614815,0
692,57297857,0
693,38096780,1
694,24372436,0
695,85819413,0
696,91042702,1
697,68953549,0
698,44390749,0
699,29163663,0
700,24744742,1
701,99742323,1
702,3494637,2
703,46430910,0
704,87687863,0
705,36272486,0
706,89842859,1
707,75033128,0
708,27927711,0
709,33515702,2
710,63063406,1
711,31874018,1
712,2474153,0
713,96647907,0
714,78617449,0
715,56358558,1
716,48419566,2
717,13868313,0
718,50918269,1
719,1097513,2
720,7640295,0
721,73305940,1
722,25777461,0
723,69099321,0
724,77466976,1
725,76053774,1
726,96792780,1
727,98761627,0
728,73437079,2
729,90953434,0
730,60335743,0
731,78402237,0
732,47994902,0
733,15981661,0
734,93844687,0
735,84852694,0
736,48273730,0
737,64483572,0
738,57590463,0
739,2516360,0
740,16393790,0
741,42746498,1
742,6013315,1
743,20914768,0
744,29868001,0
745,82789513,0
746,91924362,0
747,59292493,0
748,54269093,0
749,80007056,0
750,91930301,0
751,71591534,1
752,61340580,0
753,17562504,2
754,11362956,0
755,34700604,0
756,41874714,2
757,81399524,0
758,244000,0
759,65102091,0
760,96681770,0
761,3042934,0
762,10668465,0
763,12693432,0
764,84215591,0
765,80554215,0
766,5322069,0
767,32202952,0
768,38282132,1
769,78657053,0
770,73222811,0
771,91388609,0
772,83226738,0
773,32597237,0
774,77491577,2
775,64627593,0
776,83467621,0
777,39378946,0
778,30573845,0
779,76301539,0
780,15413452,0
781,59474405,0
782,18401635,0
783,76529547,0
784,7379978,1
785,12870914,0
786,38688367,0
787,51572415,0
788,61096650,0
789,84100297,0
790,66660796,0
791,82925803,0
792,49009601,1
793,80720138,1
794,82681968,1
795,46283531,0
796,36192374,2
797,87846915,0
798,964706,0
799,95722773,2
800,13090702,0
801,92563485,0
802,44574975,0
803,62829280,0
804,2519077,0
805,52702877,1
806,11817789,1
807,21486995,0
808,82240870,0
809,81843608,0
810,27177544,0
811,90373160,2
812,84805472,0
813,90287000,0
814,6372131,2
815,45982138,1
816,32649490,0
817,52362704,0
818,74782301,1
819,88582394,0
820,5778999,0
821,99865370,2
822,56993732,0
823,58545933,0
824,68090145,0
825,82015514,0
826,73986568,0
827,41768772,1
828,8639098,0
829,71066522,0
830,66271696,0
831,60976249,0
832,88813842,2
833,45257482,0
834,45205638,0
835,70883085,0
836,73940542,0
837,9181036,0
838,53524606,0
839,77246132,0
840,37867080,1
841,99805169,1
842,50339108,0
843,44021654,0
844,8853439,0
845,11103245,0
846,22592855,0
847,71025964,1
848,65651720,0
849,24262834,1
850,33720048,0
851,68422365,0
852,86629674,1
853,33621396,0
854,53001947,1
855,99468721,0
856,13977094,0
857,97698460,0
858,88107235,1
859,32880915,0
860,94103059,1
861,23934717,1
862,64829276,0
863,29933861,0
864,30948732,0
865,94698701,0
866,35653219,0
867,87537168,1
868,68550289,0
869,22356627,0
870,95289606,0
871,91802072,0
872,89261512,0
873,56446220,0
874,54890181,0
875,95094327,1
876,80509987,0
877,74754942,0
878,67380812,1
879,99756896,0
880,2430028,0
881,77648216,0
882,83191944,0
883,17684010,1
884,29226178,0
885,99708842,0
886,69210554,0
887,33465549,1
888,81670375,0
889,23380975,2
890,69729338,0
891,89183454,2
892,75878079,0
893,36265195,2
894,32969255,1
895,28930887,2
896,50815091,0
897,1881274,0
898,1155758,0
899,64172176,2
900,29271830,1
901,91401105,0
902,78336302,1
903,34951489,1
904,63801194,0
905,89966347,2
906,10808461,0
907,4406534,0
908,7602665,0
909,40660488,0
910,93569363,2
911,42802734,0
912,19595191,0
913,95357202,0
914,83609095,0
915,67585602,0
916,95974371,0
917,9625508,2
918,38099293,0
919,72649830,2
920,14660067,0
921,41232727,2
922,23402166,0
923,4984128,0
924,21210426,0
925,41447112,0
926,60634462,1
927,8234321,1
928,21742258,0
929,255736,0
930,87479737,0
931,44802651,0
932,6301724,0
933,7975341,0
934,3863462,0
935,20779713,0
936,72020813,0
937,10459657,2
938,69510797,1
939,61443270,1
940,47713030,2
941,61438557,0
942,39523483,0
943,60959311,2
944,68800796,2
945,30713627,0
946,3141740,0
947,44778691,0
948,40673727,1
949,86740083,0
950,45058735,0
951,50054962,0
952,66661559,0
953,11384099,0
954,1624305,1
955,97629136,0
956,12775174,0
957,68109958,1
958,98499290,0
959,82624659,1
960,20472760,0
961,87054305,0
962,18197773,1
963,442773,2
964,39873114,0
965,92146832,2
966,87410502,0
967,79043692,1
968,54551201,0
969,40962670,1
970,59372611,0
971,1482209,0
972,86239976,0
973,82771697,0
974,39319078,2
975,24387898,0
976,6229724,2
977,28534345,0
978,51997718,0
979,19167171,0
980,61117547,1
981,64788698,0
982,12960669,0
983,11787022,0
984,34818088,0
985,67165469,0
986,67459890,0
987,65155373,1
988,48498201,0
989,92165704,0
990,33247236,1
991,46678262,0
992,63491163,1
993,47950865,0
994,68385398,1
995,22697348,0
996,66088269,0
997,57011312,0
998,3061001,0
999,25175876,1
1000,12286644,0
1001,53403546,0
1002,30929972,0
1003,42702118,0
1004,9235904,0
1005,43987683,2
1006,13579467,0
1007,1829883,0
1008,88992850,0
1009,6830595,0
1010,19915866,0
1011,41278258,1
1012,80670693,1
1013,75433844,0
1014,4318167,0
1015,25692244,0
1016,56763048,0
1017,94230735,0
1018,18759065,0
1019,39385054,0
1020,39295632,0
1021,29101448,0
1022,23973990,2
1023,33218331,1
1024,77697751,0
1025,52593494,0
1026,72754167,0
1027,29525359,1
1028,87476952,0
1029,59685178,0
1030,81641413,0
1031,79100181,0
1032,95245839,0
1033,22640274,0
1034,46795646,2
1035,68422702,0
1036,97204913,0
1037,95444147,0
1038,322633,0
1039,98072286,0
1040,21107683,1
1041,71511156,0
1042,46335826,0
1043,68398987,1
1044,8987123,0
1045,12827854,0
1046,43711013,0
1047,79780211,0
1048,31267900,0
1049,99850766,0
1050,52418975,0
1051,65554993,0
1052,41176381,0
1053,21483630,1
1054,46162917,0
1055,12828035,0
1056,22687237,0
1057,8108399,1
1058,94112231,0
1059,97245300,0
1060,82029052,0
1061,43272362,0
1062,69999465,0
1063,74302517,0
1064,57351878,0
1065,15577242,0
1066,82280845,1
1067,3326101,0
1068,32240604,0
1069,54139621,0
1070,80424676,1
1071,47831746,0
1072,70681972,2
1073,26551703,2
1074,100679,0
1075,85458407,1
1076,76449238,0
1077,19023443,0
1078,97569024,2
1079,31790666,0
1080,96561506,0
1081,70812048,0
1082,70771145,0
1083,85065167,1
1084,58312846,0
1085,85446936,1
1086,18683134,0
1087,37261811,0
1088,48590326,0
1089,90511459,0
1090,88402771,0
1091,18609405,1
1092,70536512,0
1093,48723766,0
1094,71682104,0
1095,84472884,0
1096,94540524,0
1097,20081672,2
1098,90498156,0
1099,39862102,0
1100,2986513,0
1101,71020923,0
1102,11050974,0
1103,73947319,0
1104,25148166,0
1105,26200175,0
1106,63700293,0
1107,65966555,1
1108,73094116,0
1109,94797207,0
1110,41802714,0
1111,25360364,0
1112,62913302,2
1113,48317204,2
1114,11679216,0
1115,344030,0
1116,26342770,0
1117,2130705,0
1118,47654490,0
1119,21859676,0
1120,9377354,0
1121,57546978,0
1122,7190821,1
1123,14372532,0
1124,69350556,2
1125,40747350,0
1126,64810591,0
1127,41043772,2
1128,21753367,0
1129,80434987,0
1130,37868684,0
1131,51249933,0
1132,80359817,0
1133,49489899,0
1134,23216017,1
1135,88072468,1
1136,23142597,2
1137,81007808,2
1138,54623562,0
1139,18324699,0
1140,75498272,0
1141,1168199,0
1142,47904671,2
1143,55625010,0
1144,93802723,0
1145,60312495,0
1146,27958779,0
1147,54691652,0
1148,146559,2
1149,63061351,1
1150,34952205,0
1151,35587413,0
1152,92386141,0
1153,68007883,2
1154,57477534,1
1155,7771634,2
1156,60610853,2
1157,64099015,1
1158,48980211,0
1159,53361809,0
1160,72565508,0
1161,33983544,1
1162,76884064,0
1163,26480449,0
1164,36637637,0
1165,55159501,0
1166,62075452,1
1167,96603700,0
1168,58434136,0
1169,50250520,0
1170,8551884,2
1171,85496242,0
1172,60183897,0
1173,23295227,0
1174,31423767,0
1175,64465482,1
1176,78474247,0
1177,62561054,0
1178,10245009,0
1179,80245871,2
1180,79192194,0
1181,5827840,0
1182,48867091,0
1183,67906642,2
1184,26314538,0
1185,72862999,0
1186,71352584,0
1187,54379534,0
1188,32829294,2
1189,20971718,0
1190,44936084,0
1191,16012987,1
1192,71421587,0
1193,96874644,2
1194,25404551,0
1195,91368194,0
1196,25128592,0
1197,39421277,0
1198,83073780,0
1199,72464404,0
1200,69692541,0
1201,26635402,0
1202,45065812,0
1203,10977469,1
1204,90675225,0
1205,28449927,0
1206,24375409,1
1207,27550950,0
1208,49442899,2
1209,52865393,0
1210,26100559,0
1211,98967268,1
1212,33902173,0
1213,51494485,0
1214,12503686,0
1215,97884772,0
1216,12243817,0
1217,17410417,2
1218,77507446,2
1219,46167372,1
1220,41551935,0
1221,15561096,2
1222,64106937,0
1223,86772355,0
1224,91274201,0
1225,99710889,0
1226,30492803,0
1227,74914286,1
1228,31427936,0
1229,20205577,0
1230,78337063,0
1231,22339600,0
1232,19874078,1
1233,56326367,0
1234,46598038,0
1235,65740316,0
1236,40028177,0
1237,75646514,0
1238,5152643,0
1239,1105612,0
1240,66485161,0
1241,76426906,2
1242,44654410,0
1243,90528802,2
1244,12965017,1
1245,49823963,1
1246,57078122,2
1247,49531178,0
1248,61878166,1
1249,33810479,0
1250,73771918,0
1251,38371274,0
1252,91007713,0
1253,59377797,0
1254,77291288,1
1255,22691991,2
1256,11024543,0
1257,55315656,0
1258,59995428,0
1259,43061646,0
1260,34458985,0
1261,81263177,0
1262,86380742,0
1263,32894739,1
1264,11831033,0
1265,9536552,2
1266,65456983,0
1267,77304094,0
1268,51453126,1
1269,89330598,0
1270,45527180,0
1271,23711406,0
1272,18858868,0
1273,59430808,0
1274,43117469,0
1275,53807169,0
1276,23758133,0
1277,56271369,0
1278,75383675,1
1279,15776314,2
1280,7353440,0
1281,50671309,0
1282,16988296,0
1283,59097958,0
1284,68141368,0
1285,41782313,0
1286,37579960,1
1287,13925964,0
1288,76438193,0
1289,17183138,0
1290,92185592,1
1291,86429823,0
1292,33147964,0
1293,81894339,1
1294,51268497,2
1295,1387022,0
1296,93019323,1
1297,97808763,0
1298,89514467,0
1299,66229306,0
1300,94180843,0
1301,84993696,2
1302,98839800,0
1303,385120,2
1304,87732768,0
1305,92762969,0
1306,83085916,0
1307,10618184,2
1308,26680071,0
1309,12981748,0
1310,59549278,1
1311,9526815,0
1312,81392523,0
1313,60572413,0
1314,39246430,0
1315,3094636,0
1316,20506586,0
1317,69117467,0
1318,69787976,0
1319,81349158,0
1320,51743437,1
1321,49476942,1
1322,71839850,0
1323,89341744,2
1324,93008272,0
1325,2219837,0
1326,41751726,0
1327,66838564,0
1328,6724635,0
1329,2241902,0
1330,86151761,0
1331,80147569,0
1332,7101365,0
1333,44511291,2
1334,88079653,0
1335,52865260,2
1336,33218313,0
1337,34824911,0
1338,58810231,0
1339,58130671,1
1340,85207721,1
1341,93964114,2
1342,59789215,0
1343,4649037,0
1344,58358126,0
1345,4650785,0
1346,44716312,0
1347,43314265,0
1348,12961368,0
1349,64349345,0
1350,4588276,0
1351,62187682,1
1352,65922130,0
1353,56454382,1
1354,15154520,0
1355,73935467,0
1356,32794287,0
1357,71999295,0
1358,59532442,0
1359,6634001,0
1360,14908846,0
1361,30991152,1
1362,21915580,0
1363,88370208,0
1364,46845932,0
1365,94592577,0
1366,8139697,1
1367,48116251,0
1368,29726119,0
1369,98939344,1
1370,23964548,0
1371,36722406,0
1372,82038699,0
1373,21051428,2
1374,37198035,0
1375,73884821,0
1376,66522950,0
1377,80729114,0
1378,60290818,0
1379,84211221,0
1380,93372712,0
1381,26270930,0
1382,25714167,2
1383,48131698,1
1384,56723341,0
1385,73052957,0
1386,83968500,2
1387,29536498,0
1388,41275836,0
1389,62914733,0
1390,12030000,0
1391,10180058,0
1392,2712446,1
1393,46374832,2
1394,6155515,2
1395,77919222,0
1396,67485233,1
1397,32731314,0
1398,49308675,2
1399,13300044,0
1400,97331668,0
1401,57298799,0
1402,95496525,0
1403,48044351,1
1404,10344640,1
1405,1860691,1
1406,30032094,0
1407,52576883,0
1408,83216764,1
1409,21313241,0
1410,75104688,0
1411,26077976,0
1412,56731782,1
1413,11755297,0
1414,3995196,1
1415,55448267,1
1416,63331247,0
1417,423519,0
1418,92672803,0
1419,41823717,0
1420,15869969,0
1421,61297830,1
1422,13844550,0
1423,45326867,1
1424,48394298,0
1425,69388614,0
1426,5166281,0
1427,39154996,0
1428,834471,1
1429,10032261,0
1430,76697462,0
1431,12103210,0
1432,59820162,2
1433,12266886,0
1434,54070340,0
1435,96352434,1
1436,35245843,2
1437,87923139,0
1438,56960414,1
1439,96042376,0
1440,4577940,0
1441,91978599,2
1442,22850339,0
1443,94106138,1
1444,7684286,0
1445,70709751,0
1446,8399281,0
1447,99113400,0
1448,22778822,0
1449,16044174,0
1450,41842808,0
1451,22463820,0
1452,77617534,0
1453,47527250,0
1454,27900391,0
1455,98411832,0
1456,67344420,0
1457,67746547,0
1458,43473465,0
1459,95756858,0
1460,87840884,1
1461,10958598,0
1462,75104092,0
1463,25633505,0
1464,22101459,0
1465,76431464,0
1466,38684336,1
1467,92476858,2
1468,45200833,1
1469,88957616,0
1470,57085019,0
1471,38696010,0
1472,2798037,0
1473,54374290,0
1474,37171306,0
1475,27965213,0
1476,536219,0
1477,69557488,0
1478,92635162,0
1479,55668964,2
1480,77747162,1
1481,77213711,0
1482,50413354,0
1483,46148474,0
1484,30884270,1
1485,45601437,0
1486,38810153,1
1487,90947336,0
1488,64809030,1
1489,47504653,1
1490,85537455,1
1491,64805405,1
1492,13543115,1
1493,6450455,0
1494,71846898,1
1495,25442004,1
1496,46009929,1
1497,99982225,1
1498,2293656,0
1499,61097617,1
1500,53979776,0
1501,18055208,0
1502,30723442,0
1503,34210726,0
1504,62585112,0
1505,57055232,1
1506,62074286,0
1507,55645316,1
1508,2221573,1
1509,11628282,0
1510,52522070,1
1511,99051077,0
1512,7576530,0
1513,68285617,1
1514,22876778,1
1515,30772530,0
1516,28027298,0
1517,54822029,0
1518,12402536,0
1519,42883842,0
1520,29453719,1
1521,99528131,0
1522,15938091,1
1523,68333080,0
1524,12447784,0
1525,6280972,1
1526,62412818,0
1527,46733506,0
1528,18609182,0
1529,51293574,0
1530,16841366,0
1531,24341514,0
1532,92081153,0
1533,2982616,2
1534,78317376,1
1535,26590311,0
1536,9222955,1
1537,84792801,0
1538,72211200,0
1539,98482889,1
1540,74399157,0
1541,9784901,1
1542,84087248,1
1543,2466496,0
1544,5798406,0
1545,10805856,0
1546,74038897,0
1547,76166687,0
1548,70256430,0
1549,99539532,0
1550,27774731,0
1551,83108063,0
1552,6453675,0
1553,70095267,0
1554,10866821,0
1555,42285667,0
1556,6541697,0
1557,298258,1
1558,94997431,0
1559,68526693,0
1560,64493971,0
1561,35060342,1
1562,63755975,0
1563,30597945,0
1564,59019732,0
1565,54874457,0
1566,54153141,0
1567,16928467,0
1568,78017410,0
1569,24066672,0
1570,11344846,0
1571,47718960,0
1572,18063859,2
1573,48947279,0
1574,73170938,0
1575,35679838,0
1576,38262540,0
1577,22808223,0
1578,54960834,0
1579,8615769,0
1580,15612750,0
1581,35364024,0
1582,82832190,0
1583,5851697,1
1584,83584833,0
1585,71309814,0
1586,63792048,0
1587,21168262,1
1588,55655549,0
1589,91294583,0
1590,65487723,0
1591,85150317,0
1592,37320281,0
1593,69474947,0
1594,78619486,0
1595,85348285,0
1596,14680676,2
1597,63111394,0
1598,76479422,1
1599,31645350,0
1600,78326224,0
1601,90661793,0
1602,25838820,1
1603,98918449,0
1604,60333915,0
1605,74267204,0
1606,97374427,2
1607,79409258,1
1608,48860043,0
1609,30125722,0
1610,5207284,1
1611,76354945,1
1612,78016591,0
1613,47661716,0
1614,66083124,0
1615,21201121,1
1616,42701655,0
1617,70452869,0
1618,99599082,2
1619,41421084,0
1620,70476396,0
1621,39944616,0
1622,18432525,0
1623,73203994,0
1624,26615892,0
1625,35122476,0
1626,4882237,2
1627,21645389,2
1628,83031683,0
1629,75054217,0
1630,70316383,0
1631,58509971,1
1632,72766823,0
1633,30963900,0
1634,67478845,2
1635,15271098,0
1636,67570740,0
1637,83674014,1
1638,7307988,0
1639,97205512,0
1640,49059940,0
1641,63290286,0
1642,48293717,0
1643,79607632,0
1644,49317412,1
1645,55594999,0
1646,44074683,0
1647,49344213,0
1648,36336995,0
1649,11853594,0
1650,91734377,0
1651,20227183,0
1652,1265547,0
1653,51735086,1
1654,87646214,0
1655,95376728,0
1656,37469563,1
1657,37633288,2
1658,18228713,1
1659,55647895,2
1660,38157546,0
1661,97318445,0
1662,82754814,0
1663,33911269,1
1664,75188130,0
1665,61833829,0
1666,40313708,0
1667,48031238,0
1668,11834483,2
1669,22731352,1
1670,52792899,0
1671,45638406,0
1672,16961545,0
1673,9528344,0
1674,60252468,2
1675,97393857,1
1676,69172836,0
1677,92622070,0
1678,42478621,2
1679,72967028,2
1680,95075959,0
1681,21543690,0
1682,83646596,0
1683,84621589,0
1684,78623723,0
1685,54339997,0
1686,53359936,0
1687,52499554,1
1688,32754623,1
1689,51605539,0
1690,52547915,2
1691,80338288,1
1692,94586433,0
1693,80916902,0
1694,99259352,0
1695,80523635,0
1696,47232512,0
1697,3843255,0
1698,7628369,0
1699,84297555,0
1700,20086711,0
1701,8245282,0
1702,65627144,1
1703,81225306,0
1704,71797829,0
1705,91683299,0
1706,4440528,1
1707,55454923,1
1708,61081612,0
1709,83804555,2
1710,95319204,0
1711,49618143,0
1712,78710175,0
1713,96462721,2
1714,69441406,1
1715,47358170,2
1716,21007556,0
1717,74220194,0
1718,86167775,0
1719,74789631,0
1720,26698230,0
1721,98365493,0
1722,1623211,0
1723,30332079,1
1724,79247958,1
1725,6146859,1
1726,87000052,0
1727,76695249,0
1728,29713558,0
1729,9907801,0
1730,9317491,0
1731,25780833,0
1732,21098527,0
1733,85936303,0
1734,37055225,0
1735,64574136,0
1736,60991661,0
1737,26136545,0
1738,95327958,0
1739,79736508,0
1740,7734288,0
1741,72492324,0
1742,38294195,0
1743,19164874,0
1744,85685705,0
1745,32601571,0
1746,82920139,0
1747,71071216,1
1748,31439444,1
1749,71728834,0
1750,67895136,1
1751,94618632,0
1752,26641241,0
1753,97765897,0
1754,67462384,0
1755,92843509,2
1756,47546011,0
1757,32481134,0
1758,19037297,0
1759,6867527,0
1760,18738048,0
1761,91247576,0
1762,28348117,0
1763,14776929,0
1764,88946501,2
1765,60198776,0
1766,46882893,0
1767,32891408,1
1768,83953970,2
1769,50560181,2
1770,52490175,0
1771,31978954,0
1772,92943593,0
1773,77390700,0
1774,79076594,0
1775,8334519,0
1776,81577179,0
1777,8584289,0
1778,11599120,0
1779,45473652,0
1780,5909549,0
1781,49689234,1
1782,37334356,1
1783,48431379,1
1784,90897814,0
1785,13411865,0
1786,81303565,2
1787,84587880,0
1788,53849700,0
1789,76739157,0
1790,35894492,1
1791,15576528,0
1792,37326239,0
1793,21551504,0
1794,20748907,0
1795,87138372,0
1796,66875030,0
1797,12482222,0
1798,30603259,0
1799,16621201,0
1800,49459908,0
1801,65324279,0
1802,44524349,1
1803,68518967,0
1804,67638190,1
1805,28701425,0
1806,31825028,0
1807,50781984,1
1808,57645092,0
1809,60731930,0
1810,1049488,0
1811,93125226,2
1812,47779427,0
1813,23910370,0
1814,95762631,0
1815,51245266,0
1816,31656607,2
1817,39233359,0
1818,45217885,1
1819,90697590,2
1820,17473992,0
1821,65377461,0
1822,16315798,0
1823,97368251,0
1824,55295718,0
1825,26941717,0
1826,16214362,1
1827,48306430,1
1828,66830972,0
1829,65237582,0
1830,61940550,2
1831,1384720,0
1832,51845553,1
1833,30442529,2
1834,19693266,0
1835,25532421,0
1836,78552256,2
1837,27935584,0
1838,37133968,0
1839,75078090,0
1840,46138443,0
1841,90018189,1
1842,75038038,0
1843,13666585,0
1844,48146893,1
1845,48234921,1
1846,73228748,0
1847,62956131,2
1848,95425926,0
1849,24147362,0
1850,80924116,0
1851,4431018,0
1852,89126590,0
1853,76107510,0
1854,19447668,0
1855,28032096,1
1856,98154983,0
1857,16442638,0
1858,21374488,0
1859,20352990,2
1860,62553001,0
1861,17358202,0
1862,82328228,0
1863,32732253,0
1864,44499858,0
1865,92341843,0
1866,38093978,0
1867,24552370,0
1868,83651671,1
1869,13648146,0
1870,7952936,2
1871,90405063,0
1872,71365967,1
1873,86538332,0
1874,13639344,0
1875,68492935,0
1876,22308123,0
1877,27430394,0
1878,16523014,2
1879,99727808,0
1880,15228342,0
1881,8753114,1
1882,25464158,0
1883,74042706,0
1884,87651378,1
1885,48230750,1
1886,9429360,0
1887,89908453,0
1888,59779632,0
1889,53634788,0
1890,86158783,0
1891,72671408,0
1892,95379227,1
1893,98705794,0
1894,23773248,0
1895,53558353,1
1896,62812607,0
1897,8662623,0
1898,57729089,0
1899,30172004,0
1900,68318,0
1901,78725187,0
1902,42471625,1
1903,92539534,1
1904,27777100,0
1905,49896464,0
1906,49627174,0
1907,63452695,0
1908,11839133,0
1909,60252383,0
1910,28203548,0
1911,52145976,1
1912,96245471,0
1913,85619324,1
1914,22689905,0
1915,82119035,0
1916,5613791,2
1917,2790403,0
1918,15246210,2
1919,56761077,1
1920,35673687,0
1921,34662730,0
1922,7891943,0
1923,56720001,0
1924,36833630,0
1925,35333204,1
1926,32631580,0
1927,1241907,1
1928,23434367,0
1929,90964626,0
1930,85846294,0
1931,14411182,0
1932,43504013,0
1933,67541827,0
1934,76235501,0
1935,60141508,0
1936,58831831,0
1937,59293650,1
1938,32836106,0
1939,17183168,1
1940,35902527,1
1941,21646184,2
1942,40824343,0
1943,22052744,0
1944,64189516,1
1945,56300692,0
1946,93449150,0
1947,79235295,0
1948,21613979,0
1949,55967964,2
1950,29913598,0
1951,93742460,1
1952,66606126,0
1953,95367563,0
1954,87162513,0
1955,92526335,1
1956,8076511,0
1957,73847953,1
1958,47385700,1
1959,77966835,2
1960,37579215,2
1961,26243545,0
1962,21812269,1
1963,6409114,0
1964,57392971,0
1965,19767398,0
1966,74060235,0
1967,28124818,0
1968,59580432,0
1969,62540637,2
1970,7264169,0
1971,5706435,1
1972,66555318,0
1973,95070625,0
1974,54944571,0
1975,45080277,0
1976,40542724,1
1977,7274014,1
1978,70068622,0
1979,31012066,0
1980,21220589,0
1981,85837267,0
1982,36695999,0
1983,42331245,0
1984,67143963,0
1985,82558546,0
1986,46947074,0
1987,81821726,0
1988,88317524,1
1989,60382297,1
1990,81119941,0
1991,57582771,0
1992,85868552,0
1993,40289722,0
1994,6666823,0
1995,11419979,0
1996,23989351,0
1997,86757901,0
1998,15881609,0
1999,82764348,0
2000,43713979,0
2001,11630234,0
2002,10541829,1
2003,36609272,0
2004,84098506,0
2005,21494125,0
2006,58302950,0
2007,99413607,0
2008,19139587,0
2009,14888385,0
2010,27094493,2
2011,45385947,0
2012,43085117,2
2013,7364514,1
2014,77274278,0
2015,22997376,1
2016,17609344,2
2017,83192976,1
2018,57651929,0
2019,61485968,0
2020,3010978,0
2021,13423022,0
2022,17963529,1
2023,39614885,0
2024,74112796,2
2025,99961316,1
2026,25328768,0
2027,74919823,0
2028,14077765,0
2029,66663224,0
2030,11924996,0
2031,85784923,2
2032,55834534,0
2033,21059575,0
2034,39641094,0
2035,91483981,0
2036,95837906,1
2037,99115384,0
2038,2807494,0
2039,24671722,0
2040,37407407,0
2041,75873152,0
2042,81972360,0
2043,39205253,0
2044,70090390,0
2045,69060786,0
2046,41876769,0
2047,8660729,1
2048,30724993,0
2049,54740023,0
2050,18875352,0
2051,75507333,1
2052,42531222,0
2053,40092495,0
2054,52686791,0
2055,85760116,0
2056,31854060,0
2057,22982993,1
2058,33090365,0
2059,89945473,0
2060,32184517,2
2061,90067568,0
2062,34291467,0
2063,94509732,0
2064,96965810,0
2065,36949796,0
2066,70461460,2
2067,54763754,0
2068,42329401,0
2069,51368911,0
2070,42331920,0
2071,92432382,0
2072,78524118,0
2073,31843079,0
2074,42704518,0
2075,63345571,0
2076,4855164,1
2077,71229894,0
2078,33514337,0
2079,52000526,2
2080,52287951,1
2081,88808150,0
2082,2830269,0
2083,80494453,0
2084,32905391,0
2085,92326050,0
2086,84380901,0
2087,97127845,0
2088,34116454,0
2089,32647014,0
2090,55240625,0
2091,82651375,0
2092,43453111,0
2093,6771023,1
2094,3354403,0
2095,92039626,0
2096,91014705,0
2097,41921834,1
2098,8901216,0
2099,23480543,0
2100,63573419,0
2101,13346059,0
2102,35396924,1
2103,48803735,0
2104,87535107,0
2105,90563621,0
2106,567520,0
2107,86593443,1
2108,47611611,0
2109,39863741,0
2110,28568441,0
2111,38932769,0
2112,28495940,0
2113,77641549,0
2114,36314529,0
2115,33787722,1
2116,50189940,0
2117,56602311,0
2118,48354691,0
2119,33053560,0
2120,83915119,0
2121,36945931,1
2122,88936756,1
2123,1737355,0
2124,94036739,1
2125,32814808,0
2126,98233883,0
2127,75178481,0
2128,52950446,0
2129,10267064,0
2130,16186505,0
2131,51581940,0
2132,93630028,1
2133,2599721,0
2134,63215234,0
2135,90363870,0
2136,70218719,0
2137,52614588,1
2138,94093356,0
2139,40228729,0
2140,69047112,0
2141,68580741,1
2142,6404502,0
2143,1582051,0
2144,18945676,0
2145,75269287,0
2146,46295940,1
2147,21736444,0
2148,43740135,1
2149,82181502,0
2150,55548773,0
2151,22809172,0
2152,54371670,0
2153,95356183,0
2154,25490845,0
2155,68109512,0
2156,69231911,0
2157,48317103,0
2158,94286691,1
2159,72398284,2
2160,79470190,0
2161,70340980,0
2162,16520129,0
2163,21401468,0
2164,5176392,1
2165,96623093,1
2166,45647795,2
2167,29061949,0
2168,66630075,0
2169,36625655,0
2170,53404048,0
2171,50306620,1
2172,87915215,0
2173,11012785,1
2174,55035543,1
2175,90972458,0
2176,58635173,0
2177,6761650,1
2178,38171346,0
2179,33900019,0
2180,80248967,0
2181,9149580,0
2182,58739528,0
2183,62774962,0
2184,93821649,0
2185,69858344,0
2186,60330243,1
2187,18023232,0
2188,44811514,0
2189,89096698,0
2190,32015244,0
2191,41124676,0
2192,9452383,2
2193,3930633,0
2194,55306217,0
2195,80554370,0
2196,1331314,0
2197,61471691,0
2198,20764931,0
2199,80848701,1
2200,87735680,1
2201,13619724,0
2202,6969326,1
2203,97817763,2
2204,23242377,0
2205,41132575,0
2206,74359998,0
2207,54053297,0
2208,3875231,0
2209,96304410,1
2210,6448686,0
2211,42094348,0
2212,82163596,0
2213,6520839,0
2214,54519834,0
2215,80593075,0
2216,94119065,1
2217,7178635,0
2218,45478068,0
2219,82038862,0
2220,75845281,0
2221,21160037,1
2222,91041527,2
2223,20233226,0
2224,60145766,0
2225,70410069,1
2226,45235935,0
2227,67835297,1
2228,76100039,0
2229,35209776,0
2230,15625213,0
2231,99133983,0
2232,28951321,2
2233,69156739,1
2234,15507498,0
2235,76547659,0
2236,96357259,0
2237,99559083,0
2238,821376,2
2239,67772944,0
2240,25442545,0
2241,15246701,0
2242,21540236,0
2243,40945273,0
2244,88171283,0
2245,13918399,0
2246,60156469,0
2247,21116630,2
2248,72833095,0
2249,43414875,0
2250,94132784,1
2251,96385717,0
2252,67103292,0
2253,59514237,0
2254,2761985,0
2255,2933606,0
2256,62686912,0
2257,56910850,0
2258,82119637,0
2259,64336892,0
2260,28127237,0
2261,94622531,1
2262,8278097,0
2263,29401477,0
2264,71789602,0
2265,50482646,0
2266,16482466,0
2267,58855971,0
2268,44548213,0
2269,78789377,0
2270,40806438,0
2271,57225981,0
2272,47419937,1
2273,20930826,0
2274,28640493,0
2275,63284313,0
2276,34084210,0
2277,16599563,0
2278,67413491,0
2279,46031389,0
2280,20611469,0
2281,7632520,0
2282,74186254,1
2283,28611959,0
2284,53978907,0
2285,77208177,0
2286,2860306,0
2287,94469494,0
2288,66634626,0
2289,83613144,0
2290,17791372,1
2291,99093252,0
2292,95980896,1
2293,30462130,0
2294,24922413,1
2295,36220497,0
2296,40943888,0
2297,53149506,0
2298,58929848,0
2299,35680213,0
2300,69625514,0
2301,40665326,0
2302,99540478,1
2303,91191393,0
2304,16816082,0
2305,5736450,0
2306,99983667,1
2307,4573733,0
2308,78517972,0
2309,80964309,0
2310,21330207,0
2311,63664612,0
2312,16986311,0
2313,70505396,1
2314,55367030,1
2315,86896833,0
2316,33956778,2
2317,44554348,0
2318,46230473,0
2319,37578108,0
2320,30661471,0
2321,7221301,2
2322,94435519,2
2323,30748418,0
2324,23437956,0
2325,50323599,0
2326,32843248,0
2327,45793593,1
2328,15887185,1
2329,66012657,0
2330,23681376,0
2331,85736996,1
2332,60720276,0
2333,17163674,0
2334,72936496,1
2335,54626390,0
2336,34419765,0
2337,17888117,0
2338,60864650,0
2339,23042887,1
2340,66433974,1
2341,666132,0
2342,59215945,0
2343,32605634,0
2344,30936101,0
2345,39784316,0
2346,33625952,0
2347,11936177,2
2348,65030844,1
2349,97446206,0
2350,86595261,0
2351,38737039,0
2352,70852148,1
2353,80389421,0
2354,36706344,0
2355,29936957,0
2356,27172170,0
2357,74459820,0
2358,51087244,0
2359,66027714,1
2360,85208762,0
2361,51785456,0
2362,32722328,0
2363,53737487,1
2364,80639834,1
2365,68245487,0
2366,45713644,2
2367,49937267,0
2368,78411646,0
2369,72897675,0
2370,33842057,0
2371,12702180,0
2372,38717177,0
2373,89433940,0
2374,54021904,0
2375,69967622,0
2376,60291591,0
2377,84433888,0
2378,15702164,0
2379,76065213,0
2380,39521489,0
2381,5998494,1
2382,41320514,0
2383,75834254,0
2384,59628430,0
2385,28673384,0
2386,4369827,1
2387,29257603,0
2388,84946359,0
2389,70876117,0
2390,21456165,0
2391,54804465,0
2392,73843827,0
2393,54150702,0
2394,98786540,0
2395,11766725,0
2396,77808399,1
2397,65907427,0
2398,41854541,1
2399,74896913,0
2400,48296501,0
2401,11020388,0
2402,19072516,1
2403,12418634,0
2404,96392114,0
2405,70232648,0
2406,75735531,0
2407,69175215,0
2408,47877428,1
2409,30357650,1
2410,68627965,0
2411,15521597,1
2412,19376527,0
2413,84105893,0
2414,74018757,0
2415,95410517,0
2416,16062235,0
2417,94655044,0
2418,94502519,0
2419,4385357,0
2420,96557505,0
2421,19461767,0
2422,47535626,0
2423,65285406,1
2424,48190646,0
2425,28069446,2
2426,49236600,0
2427,9369840,1
2428,72920145,0
2429,89827902,0
2430,56418668,0
2431,83778742,1
2432,26336774,0
2433,46617747,0
2434,37919284,1
2435,24679238,0
2436,95040271,0
2437,3876164,1
2438,99385590,0
2439,72598452,0
2440,38785514,1
2441,8257569,0
2442,71389331,0
2443,76261387,1
2444,16719556,1
2445,32663506,2
2446,90257774,0
2447,23296133,0
2448,23809941,2
2449,5217889,1
2450,95524050,0
2451,36926571,1
2452,71067545,2
2453,53353292,0
2454,96189027,1
2455,37164880,0
2456,59214795,0
2457,24336138,0
2458,75351540,0
2459,15899310,0
2460,72560627,2
2461,53050317,0
2462,25417262,0
2463,91739069,0
2464,54360132,0
2465,90654567,0
2466,19029978,0
2467,11189790,2
2468,47205081,0
2469,91546337,0
2470,48826872,0
2471,29043136,0
2472,47965107,0
2473,64278704,0
2474,17985203,0
2475,12983207,0
2476,29373373,2
2477,36687931,0
2478,81459626,0
2479,27108493,0
2480,71111440,0
2481,88803149,0
2482,84723394,0
2483,53732246,1
2484,31004904,0
2485,7517295,0
2486,53894059,0
2487,55552644,1
2488,57420976,0
2489,40399457,2
2490,54607373,1
2491,11044554,0
2492,89259368,0
2493,68684345,0
2494,88268647,0
2495,24760448,1
2496,46171023,0
2497,2870792,0
2498,30677082,0
2499,15540089,0
2500,73757245,1
2501,1462177,1
2502,18793172,0
2503,83963841,0
2504,66313022,1
2505,85009039,0
2506,51880016,1
2507,16414600,0
2508,4928450,0
2509,5176461,2
2510,19719003,0
2511,74421482,0
2512,68052061,0
2513,80511705,0
2514,83868873,1
2515,31874437,0
2516,66532704,1
2517,5602531,0
2518,33524206,0
2519,33562366,0
2520,43782499,0
2521,22961342,1
2522,1941539,0
2523,85598872,0
2524,60726824,0
2525,66946104,0
2526,22044835,0
2527,48299101,0
2528,75539291,0
2529,28337143,0
2530,42237261,0
2531,51245683,0
2532,71353816,0
2533,70307748,0
2534,34931226,0
2535,32634125,0
2536,1680848,0
2537,7153963,0
2538,47079899,0
2539,54604267,0
2540,5161606,1
2541,24585612,0
2542,45416884,0
2543,59234068,0
2544,30671382,0
2545,37913197,0
2546,63125443,0
2547,62730966,0
2548,99074318,0
2549,64157734,2
2550,82580400,1
2551,74777460,0
2552,34959687,0
2553,3697070,0
2554,37974333,0
2555,52527664,0
2556,78007563,0
2557,24493315,0
2558,1817674,0
2559,88210355,1
2560,46572024,0
2561,8178372,1
2562,86723970,1
2563,40426530,0
2564,48070965,0
2565,94274354,0
2566,51119810,0
2567,48434972,0
2568,4635676,0
2569,9897969,0
2570,29897604,0
2571,70464681,1
2572,27707783,0
2573,67851211,1
2574,22100032,0
2575,81871701,1
2576,74459603,0
2577,78061498,0
2578,30487379,0
2579,49624866,0
2580,84566653,1
2581,3981304,0
2582,71821319,0
2583,41811970,0
2584,72473363,0
2585,16773311,0
2586,58747197,2
2587,2702381,0
2588,71370007,0
2589,88510220,0
2590,18890240,2
2591,74665912,0
2592,35787620,0
2593,41768326,0
2594,25425435,0
2595,26302860,0
2596,79440276,0
2597,75379447,0
2598,50589132,0
2599,66286173,0
2600,25918619,0
2601,3445810,0
2602,50912194,0
2603,29642533,0
2604,14926974,0
2605,3570329,0
2606,31220447,0
2607,4740795,0
2608,9401922,0
2609,51697178,0
2610,94610318,0
2611,65499556,0
2612,25508651,0
2613,59412156,0
2614,63365535,0
2615,27600896,0
2616,63494858,0
2617,83635828,0
2618,39562102,1
2619,48355423,0
2620,6640212,2
2621,50916685,0
2622,80050598,2
2623,89605726,0
2624,89469436,0
2625,85611729,0
2626,71951116,0
2627,11102949,2
2628,23910849,0
2629,86405278,0
2630,43508845,0
2631,36008287,0
2632,58474241,0
2633,30992036,0
2634,3381629,0
2635,60974504,0
2636,86890539,0
2637,43252131,2
2638,13788744,0
2639,52978650,0
2640,4126993,1
2641,59852160,0
2642,70040292,0
2643,31657072,0
2644,96054174,1
2645,98420696,1
2646,37537421,1
2647,6959951,0
2648,51755164,0
2649,73363323,1
2650,84578425,0
2651,80382754,0
2652,89084501,0
2653,81274869,0
2654,21226601,1
2655,80068679,0
2656,96777385,0
2657,8367520,0
2658,58072708,0
2659,13035485,0
2660,75445816,2
2661,36916427,0
2662,80090733,0
2663,59199131,0
2664,52596495,0
2665,9774120,0
2666,81218997,0
2667,63282371,0
2668,59173240,0
2669,186125,0
2670,51595601,0
2671,77569219,2
2672,60531413,1
2673,81392307,0
2674,29087191,0
2675,59808995,0
2676,2200518,0
2677,99888563,2
2678,80219201,0
2679,49721439,2
2680,24081224,0
2681,46121841,0
2682,18250069,1
2683,99905172,1
2684,62280129,0
2685,25776927,0
2686,39454110,0
2687,13360211,0
2688,20532064,1
2689,14473251,0
2690,57266982,0
2691,76697136,0
2692,40767053,0
2693,98954632,0
2694,18694988,0
2695,92868429,0
2696,11144497,0
2697,88569138,0
2698,19960444,0
2699,95154018,0
2700,49476623,0
2701,46144044,2
2702,32347516,0
2703,80636028,0
2704,92497841,0
2705,5184799,2
2706,57614078,1
2707,14150361,2
2708,69042216,2
2709,86752187,0
2710,49842238,0
2711,8276030,0
2712,37469047,0
2713,62004859,0
2714,55515230,1
2715,43072489,0
2716,44924943,0
2717,62261958,0
2718,41326756,0
2719,20039399,0
2720,60605373,0
2721,87063273,2
2722,71759766,0
2723,96846708,0
2724,39233813,0
2725,83398094,0
2726,9655112,0
2727,31092305,1
2728,39877179,0
2729,12089662,1
2730,59122953,2
2731,46618816,0
2732,42853926,1
2733,72235675,0
2734,28342372,1
2735,2815533,0
2736,13062357,2
2737,26212169,1
2738,5912682,0
2739,12734176,1
2740,30148943,0
2741,3194897,1
2742,73185827,0
2743,9922907,0
2744,78711892,0
2745,28346453,0
2746,87707894,0
2747,35237677,0
2748,19225461,1
2749,47087290,0
2750,59949960,1
2751,64813798,0
2752,31862258,2
2753,61384021,1
2754,6796948,0
2755,90334379,1
2756,8269226,0
2757,93140904,0
2758,29696923,0
2759,15050106,0
2760,42053795,0
2761,68294374,1
2762,53321090,0
2763,55020080,0
2764,68460999,0
2765,82148753,1
2766,55538956,1
2767,17754537,0
2768,85735467,0
2769,29320052,0
2770,80963163,0
2771,15647482,2
2772,15119942,0
2773,91914498,0
2774,88124253,1
2775,24407668,0
2776,92644147,0
2777,2360207,0
2778,91027552,1
2779,3664743,0
2780,79679448,2
2781,9519744,0
2782,33271530,0
2783,2544880,0
2784,95039718,1
2785,48523432,0
2786,18222766,0
2787,69875909,0
2788,30530030,0
2789,32690721,0
2790,11340975,0
2791,30132542,0
2792,32318078,1
2793,28764250,0
2794,28259369,2
2795,37811338,0
2796,68365793,1
2797,35754658,0
2798,13156945,0
2799,21310826,0
2800,34734405,0
2801,33700559,0
2802,85430270,0
2803,96969433,0
2804,69954847,0
2805,12135570,1
2806,19785165,2
2807,83079751,0
2808,87928771,1
2809,66718392,0
2810,59276431,0
2811,97680763,2
2812,58652494,0
2813,95665543,0
2814,22706120,0
2815,57487505,1
2816,30502017,0
2817,42521411,0
2818,60237110,0
2819,50401689,0
2820,78474969,2
2821,46144692,0
2822,52783785,0
2823,36340873,0
2824,18551611,0
2825,36658402,0
2826,13044527,0
2827,43156893,0
2828,98391336,2
2829,23546891,2
2830,71707402,0
2831,46003951,0
2832,57957624,2
2833,1679946,0
2834,88167050,0
2835,46497052,0
2836,49515482,0
2837,57696405,0
2838,26167096,0
2839,87216102,0
2840,61525705,0
2841,86301234,0
2842,84289038,0
2843,33952573,0
2844,31533062,1
2845,71964805,0
2846,96564026,1
2847,39007247,0
2848,96175595,1
2849,47497599,0
2850,2779401,0
2851,36486669,0
2852,54636889,0
2853,270739,0
2854,84707642,0
2855,26828492,2
2856,46191018,0
2857,73585217,0
2858,88688437,0
2859,38740299,2
2860,21624794,0
2861,90396970,0
2862,6159749,0
2863,79025173,0
2864,56199920,0
2865,2419621,2
2866,24375047,0
2867,78830846,0
2868,57895353,0
2869,98011948,0
2870,57751678,0
2871,28337106,0
2872,8538143,0
2873,32578242,0
2874,7089432,0
2875,54664487,0
2876,58420277,0
2877,14047601,1
2878,74180798,0
2879,8051736,0
2880,83463363,0
2881,24080952,0
2882,64668984,2
2883,90485905,0
2884,62971454,0
2885,91055582,0
2886,87611063,0
2887,95465145,0
2888,16593694,0
2889,88167854,0
2890,39779838,0
2891,35309774,0
2892,55563615,0
2893,3825093,0
2894,97200646,0
2895,69075868,0
2896,5445605,0
2897,59512426,2
2898,9876890,0
2899,25255256,0
2900,71205723,0
2901,26323134,1
2902,46934932,0
2903,59891372,2
2904,37427197,0
2905,75572859,0
2906,20535113,0
2907,86478908,0
2908,67482233,0
2909,74894134,0
2910,79084011,0
2911,28424019,0
2912,76778136,0
2913,29303076,0
2914,35561690,0
2915,63902824,2
2916,98902255,1
2917,21304533,1
2918,29106978,0
2919,9789669,0
2920,70727545,0
2921,80032625,0
2922,75269874,1
2923,347816,0
2924,52766513,0
2925,1661441,0
2926,32536540,0
2927,88317253,0
2928,99432892,0
2929,45082579,0
2930,92826249,1
2931,41289684,2
2932,91499337,0
2933,26825546,0
2934,61403242,0
2935,35520018,0
2936,60947957,0
2937,55151182,0
2938,29934925,0
2939,13560339,1
2940,88231492,1
2941,40455895,1
2942,46711388,0
2943,58642627,2
2944,27423966,0
2945,92975959,0
2946,30579318,0
2947,3274930,0
2948,41768852,0
2949,91337862,0
2950,20733901,0
2951,12208504,0
2952,54209570,2
2953,8310017,1
2954,90097684,0
2955,13616301,1
2956,68723071,0
2957,53999438,0
2958,9957677,0
2959,91882555,1
2960,42182931,0
2961,70865662,0
2962,37861481,2
2963,55182533,0
2964,36974072,0
2965,24329416,0
2966,19313619,1
2967,49344884,0
2968,82339005,0
2969,59127817,1
2970,35223263,0
2971,69504479,2
2972,23206563,0
2973,92906933,2
2974,4354447,0
2975,3879506,2
2976,75723038,2
2977,37951565,0
2978,40694485,0
2979,80043776,0
2980,76098007,0
2981,16062017,0
2982,5528996,0
2983,80370320,0
2984,98051676,0
2985,24176439,0
2986,82707583,0
2987,92310017,0
2988,79312995,0
2989,80965288,0
2990,58376144,0
2991,9641360,0
2992,8403750,1
2993,81678,1
2994,17988084,0
2995,68846006,1
2996,16418699,0
2997,3010614,0
2998,33349350,2
2999,47925466,0
3000,49777120,0
3001,38347130,0
3002,43313459,0
3003,56691236,2
3004,41900837,0
3005,8661790,0
3006,81361048,0
3007,75748204,1
3008,42823975,1
3009,29184390,1
3010,29593077,0
3011,75579638,0
3012,48465854,0
3013,84111173,0
3014,92233317,0
3015,58208062,0
3016,70645370,0
3017,49052791,0
3018,29458063,0
3019,84230988,0
3020,10166775,0
3021,59470907,0
3022,51317943,0
3023,81989231,0
3024,82024238,2
3025,40633245,0
3026,75960220,0
3027,5362475,0
3028,51538566,1
3029,4518196,0
3030,70895504,0
3031,45030976,0
3032,93617561,0
3033,14645675,2
3034,87407504,1
3035,3780289,0
3036,15781542,0
3037,97616455,2
3038,70804354,2
3039,45160878,0
3040,54552786,0
3041,17632027,0
3042,84079849,0
3043,21824644,0
3044,57875793,0
3045,56185944,0
3046,32167088,0
3047,44221051,0
3048,13826520,0
3049,46670998,1
3050,64289216,0
3051,13359234,0
3052,74151871,0
3053,52322607,1
3054,5357530,0
3055,40252696,2
3056,23936758,0
3057,9774315,0
3058,5463608,1
3059,34567776,0
3060,77961604,0
3061,89301570,0
3062,49924744,0
3063,40180588,0
3064,44131930,0
3065,12432163,0
3066,96014648,0
3067,83809325,0
3068,62042936,0
3069,86142531,0
3070,90668370,0
3071,32259435,0
3072,67145022,0
3073,31919708,0
3074,40515443,0
3075,35774455,0
3076,31891893,0
3077,29898311,0
3078,30664442,0
3079,52437505,0
3080,84445284,2
3081,69515849,0
3082,59020640,0
3083,53392793,0
3084,36350481,0
3085,55932464,0
3086,86379722,0
3087,52761186,0
3088,50053556,1
3089,65417282,0
3090,64112281,0
3091,83376702,0
3092,63775581,2
3093,58981259,0
3094,80043068,0
3095,85742659,0
3096,58855928,1
3097,38971443,0
3098,12132975,0
3099,13564349,0
3100,73440738,1
3101,48400737,0
3102,20209050,0
3103,99768059,0
3104,44634095,0
3105,71041144,0
3106,33706540,1
3107,8343209,0
3108,67706425,0
3109,96411439,2
3110,78152393,2
3111,58022034,0
3112,9276907,0
3113,42655220,0
3114,60156416,0
3115,56832957,0
3116,34645568,0
3117,82233568,0
3118,14040381,0
3119,82457164,0
3120,78386222,1
3121,52140827,0
3122,99504386,1
3123,32122798,1
3124,94507004,0
3125,72273997,0
3126,8044746,1
3127,24666943,0
3128,91406313,0
3129,6897059,1
3130,71267014,1
3131,86353990,0
3132,9680626,0
3133,87981107,0
3134,42021313,2
3135,33664109,0
3136,7436914,0
3137,29082910,0
3138,40971164,1
3139,31750933,0
3140,74211924,0
3141,23862781,0
3142,31657046,0
3143,13008289,0
3144,8821462,0
3145,46653198,2
3146,60153298,0
3147,76924789,0
3148,51970988,1
3149,90976697,0
3150,1605307,2
3151,89483523,2
3152,48499597,0
3153,6115177,0
3154,85270953,2
3155,15430940,1
3156,11768202,0
3157,12276541,0
3158,6035399,0
3159,3107199,2
3160,68552003,0
3161,53044314,1
3162,33847831,2
3163,25686256,0
3164,16811925,0
3165,90444684,0
3166,21328137,0
3167,55657421,0
3168,69548174,0
3169,59517535,0
3170,29646730,0
3171,61982616,0
3172,47733605,0
3173,58176078,0
3174,23433272,0
3175,92037183,2
3176,16992131,0
3177,6921689,2
3178,33759473,0
3179,10633461,0
3180,96872439,0
3181,60596219,0
3182,78025067,0
3183,50037536,1
3184,24132975,0
3185,24000268,0
3186,46910023,0
3187,94529553,2
3188,28097978,0
3189,78172612,0
3190,39218516,0
3191,41416231,0
3192,96023233,0
3193,77595169,1
3194,61928075,0
3195,71376557,0
3196,2046379,0
3197,42892740,1
3198,95159841,0
3199,68942111,1
3200,14300922,2
3201,38678906,0
3202,11447807,0
3203,41468943,0
3204,70128613,1
3205,37262923,0
3206,36881920,0
3207,22029711,0
3208,8890349,0
3209,97219524,0
3210,45862523,1
3211,63320405,0
3212,74526560,0
3213,96125366,0
3214,58500708,0
3215,33488678,0
3216,12461550,0
3217,89400642,0
3218,67297100,1
3219,44740965,0
3220,170262,0
3221,18256489,0
3222,2772481,0
3223,46694670,0
3224,89737750,1
3225,34953220,0
3226,53742626,2
3227,73718478,0
3228,28425796,0
3229,77230004,0
3230,75956394,1
3231,40461769,2
3232,36929721,0
3233,76124541,0
3234,35070827,0
3235,42512939,0
3236,85539756,1
3237,33231743,0
3238,1091785,0
3239,3075322,0
3240,65986979,0
3241,70052538,0
3242,49935952,0
3243,73472197,0
3244,24463258,0
3245,64308761,0
3246,69636439,0
3247,94909263,0
3248,62123939,0
3249,95161963,1
3250,70594924,0
3251,71170113,1
3252,15525190,0
3253,64699400,0
3254,16724226,1
3255,98744420,0
3256,34803919,0
3257,64183006,1
3258,15975682,0
3259,52975308,0
3260,28532716,1
3261,59747859,2
3262,29385574,0
3263,56084322,0
3264,35824430,0
3265,99963374,1
3266,21192670,0
3267,45349612,0
3268,48957874,0
3269,27360299,0
3270,13194965,0
3271,81143013,0
3272,54395889,0
3273,18489222,1
3274,20435071,1
3275,12398220,0
3276,41212022,0
3277,32333069,0
3278,94535097,0
3279,72372404,0
3280,73417691,0
3281,75305032,1
3282,28997148,0
3283,25841461,0
3284,26030337,0
3285,1953580,0
3286,13524818,0
3287,11815684,2
3288,97540030,0
3289,23452576,2
3290,57635980,0
3291,11556825,0
3292,37361776,0
3293,90111343,0
3294,11115920,0
3295,51711788,0
3296,98114130,1
3297,73958176,2
3298,96231171,0
3299,94396305,0
3300,84982938,0
3301,8508585,0
3302,28036578,0
3303,32231749,0
3304,99780059,1
3305,5359620,0
3306,59912200,1
3307,20907283,0
3308,83396143,0
3309,32399099,0
3310,60848898,0
3311,89394532,0
3312,82321085,0
3313,44045426,0
3314,55559192,0
3315,95672372,0
3316,27103927,0
3317,20374345,0
3318,67550852,0
3319,27674334,1
3320,28080051,2
3321,21483726,0
3322,93554846,1
3323,29084390,0
3324,45575408,0
3325,32348035,0
3326,15284459,0
3327,14045823,0
3328,93246235,0
3329,69266901,0
3330,53140144,0
3331,30031759,2
3332,41419594,1
3333,43323817,0
3334,94035554,0
3335,70484443,0
3336,38866584,0
3337,73743436,0
3338,85987662,0
3339,49478694,2
3340,34908703,0
3341,16174593,0
3342,87844313,0
3343,19699415,0
3344,31807054,0
3345,79732402,0
3346,6411393,0
3347,76709241,0
3348,68056564,0
3349,51155164,2
3350,50762463,0
3351,63169191,1
3352,49703830,0
3353,32169144,1
3354,25791519,1
3355,27006175,0
3356,45875655,2
3357,51048181,0
3358,54946262,0
3359,63845366,0
3360,10917183,2
3361,69111446,0
3362,76394626,0
3363,54281580,2
3364,22086444,0
3365,38782532,0
3366,64967382,1
3367,18608105,0
3368,66857055,0
3369,86269490,1
3370,42287466,0
3371,49736975,0
3372,39533911,0
3373,91280158,0
3374,84338448,0
3375,63039621,0
3376,99458209,0
3377,89397298,0
3378,78641429,0
3379,23419208,0
3380,27991318,0
3381,25472189,0
3382,74696609,0
3383,50285280,0
3384,77318122,0
3385,45980076,0
3386,47217794,0
3387,17717070,0
3388,16502953,0
3389,92452276,1
3390,3598365,0
3391,26647318,1
3392,51559934,1
3393,23824685,0
3394,97949775,0
3395,91887206,2
3396,24042158,0
3397,66543081,0
3398,34060298,0
3399,77755399,0
3400,40693363,2
3401,8154649,0
3402,64839692,0
3403,15547118,0
3404,38501450,1
3405,75669488,0
3406,60677854,0
3407,20178890,0
3408,34614769,0
3409,75090181,1
3410,79029706,0
3411,81508680,0
3412,58069469,0
3413,44916218,0
3414,1685459,1
3415,20733781,0
3416,65680484,1
3417,6867161,1
3418,24027080,0
3419,4218270,0
3420,9466328,0
3421,79025791,0
3422,71187328,0
3423,23312836,0
3424,36715747,0
3425,33879061,0
3426,9499749,2
3427,56491901,1
3428,1387127,0
3429,38074307,0
3430,76952916,0
3431,20157067,0
3432,98016574,0
3433,41061702,1
3434,50766719,1
3435,30199788,0
3436,65016126,2
3437,16011475,0
3438,32985246,2
3439,44464301,0
3440,56958344,0
3441,56410826,0
3442,92345513,2
3443,82982243,0
3444,51269573,0
3445,28364505,0
3446,65380214,0
3447,98072299,1
3448,10320378,0
3449,2932650,1
3450,23585742,0
3451,36074136,1
3452,64760882,2
3453,51593155,2
3454,55445779,0
3455,35009895,0
3456,68418686,1
3457,65599582,0
3458,25820175,0
3459,68035229,0
3460,28833166,2
3461,41425341,0
3462,58311738,0
3463,83757012,0
3464,60615184,0
3465,22481240,0
3466,79570796,0
3467,4361111,0
3468,63142605,0
3469,80585790,0
3470,37060437,2
3471,93048459,0
3472,24981388,1
3473,95622814,0
3474,67621432,2
3475,59723061,0
3476,78603381,0
3477,48632769,1
3478,74287338,0
3479,41781762,0
3480,17128844,0
3481,84792555,2
3482,51355895,0
3483,36581126,0
3484,66794149,0
3485,99788805,0
3486,77563290,0
3487,79597646,0
3488,51413984,0
3489,35156122,0
3490,51808526,0
3491,17099110,0
3492,52850356,1
3493,90651507,0
3494,11087668,0
3495,63240558,1
3496,81881111,0
3497,88133496,0
3498,35455640,0
3499,54755996,1
3500,33080564,0
3501,91606818,0
3502,12513368,0
3503,91065750,0
3504,73254301,0
3505,30370834,2
3506,70064566,0
3507,49167094,1
3508,21265207,0
3509,77480351,0
3510,59991115,1
3511,27550361,0
3512,5501043,0
3513,93422710,0
3514,74469490,0
3515,14633382,0
3516,29425643,2
3517,48596865,0
3518,82490494,0
3519,43807016,0
3520,33326092,0
3521,46287493,2
3522,19937784,0
3523,84097363,0
3524,51978997,0
3525,6297590,0
3526,54975055,0
3527,79449892,0
3528,84170863,2
3529,31766860,0
3530,1943781,0
3531,15949285,0
3532,21018214,0
3533,91848348,0
3534,36357383,0
3535,93392955,1
3536,68720576,0
3537,39840385,2
3538,43103689,0
3539,86020479,0
3540,79391984,1
3541,22491516,1
3542,77035494,0
3543,60903382,2
3544,82835414,1
3545,30226496,0
3546,96368907,0
3547,3315865,0
3548,78803291,0
3549,43720485,0
3550,28950822,0
3551,59838276,1
3552,14453687,0
3553,26062343,1
3554,22859707,0
3555,21117101,0
3556,68605119,0
3557,86606491,0
3558,42095382,0
3559,88229451,0
3560,77036161,1
3561,8112723,0
3562,97510716,2
3563,22022550,0
3564,69339655,0
3565,76349716,0
3566,41752413,0
3567,52184197,2
3568,69081704,0
3569,90974885,0
3570,79609213,0
3571,4084538,0
3572,69868771,0
3573,47661210,0
3574,52159614,0
3575,8873500,0
3576,93141583,0
3577,34278659,2
3578,69096534,0
3579,78443530,0
3580,601991,1
3581,91153188,0
3582,9325107,0
3583,74225841,1
3584,11123497,0
3585,65684315,0
3586,61133840,0
3587,24760804,0
3588,33738828,1
3589,75391182,0
3590,48709086,0
3591,45008962,1
3592,77890169,0
3593,51893040,0
3594,71288086,0
3595,32673115,0
3596,80144574,0
3597,18578857,0
3598,74478347,0
3599,42160069,0
3600,61118540,1
3601,84586800,0
3602,52997661,0
3603,96000957,0
3604,14236935,0
3605,71888519,0
3606,43508015,1
3607,12710778,0
3608,55683065,0
3609,85890024,1
3610,69267026,0
3611,52842269,0
3612,73885607,0
3613,91198223,2
3614,49360363,1
3615,92643227,0
3616,60483772,0
3617,2826441,0
3618,74252225,0
3619,81359973,1
3620,24636333,0
3621,71448679,0
3622,64301882,1
3623,84054071,0
3624,45725789,2
3625,54949929,0
3626,11011648,2
3627,80963200,0
3628,90956049,0
3629,58219835,0
3630,98151078,1
3631,77564925,0
3632,97074277,0
3633,69798043,0
3634,10389848,0
3635,7953226,0
3636,33603221,1
3637,96550777,0
3638,48052058,0
3639,70105896,0
3640,6236224,1
3641,50564676,0
3642,89506805,0
3643,22492930,0
3644,52883889,2
3645,87784488,0
3646,16632029,0
3647,63564229,0
3648,10368590,1
3649,10077780,0
3650,20823899,0
3651,50038244,0
3652,37795428,0
3653,76797489,0
3654,86446676,0
3655,25994934,0
3656,2880443,0
3657,77053284,0
3658,54353735,0
3659,3041935,0
3660,28834837,0
3661,79436965,0
3662,42517913,0
3663,12897286,0
3664,12279628,0
3665,98691347,0
3666,40692062,0
3667,8328650,0
3668,29493580,0
3669,4302872,1
3670,22721969,0
3671,67863005,0
3672,5465507,2
3673,28215712,1
3674,88662052,0
3675,85784851,1
3676,90259023,0
3677,66917097,0
3678,46927414,0
3679,79003992,2
3680,43589330,2
3681,69579496,0
3682,17697235,0
3683,67048042,0
3684,54720311,0
3685,82179464,0
3686,22078718,1
3687,17251081,0
3688,14776869,0
3689,90647344,0
3690,67360986,2
3691,57321565,0
3692,10189754,1
3693,67528158,1
3694,87725424,2
3695,25764511,1
3696,91619239,0
3697,37487796,0
3698,35974817,0
3699,55415333,1
3700,83833680,0
3701,34867391,0
3702,93083297,0
3703,31322959,0
3704,42020599,0
3705,89573753,0
3706,21660813,1
3707,64689995,0
3708,65480655,0
3709,32884564,0
3710,64549785,0
3711,48234016,0
3712,14975639,0
3713,87702988,0
3714,63474607,1
3715,70182335,0
3716,44250838,1
3717,45771986,0
3718,94745006,0
3719,8750847,0
3720,86481108,1
3721,15562439,0
3722,14513938,0
3723,27264089,0
3724,82791862,0
3725,52558030,0
3726,66535810,1
3727,277642,1
3728,93001863,0
3729,63825297,1
3730,24360138,0
3731,74953228,0
3732,46154080,0
3733,9832346,0
3734,67195129,0
3735,32161363,1
3736,65938569,0
3737,38089739,0
3738,68541604,0
3739,77772641,0
3740,4375391,0
3741,90657517,0
3742,54100615,0
3743,56969143,0
3744,75741596,0
3745,41174679,0
3746,16886464,0
3747,18666088,1
3748,54333731,0
3749,15889025,1
3750,71160973,2
3751,94148846,0
3752,32454337,0
3753,76322952,0
3754,15382008,0
3755,40302364,0
3756,98866681,0
3757,24007914,0
3758,17918752,0
3759,66821869,0
3760,60224010,0
3761,17682658,1
3762,58490124,1
3763,1555072,0
3764,12589360,1
3765,85974855,0
3766,21627230,0
3767,88032467,0
3768,81084120,0
3769,17930712,0
3770,56830669,0
3771,64697940,0
3772,11502555,2
3773,10267337,0
3774,23546054,0
3775,92780633,2
3776,43176906,0
3777,36024696,0
3778,81701168,0
3779,19537665,2
3780,95446220,0
3781,74293588,0
3782,94529955,2
3783,58798033,0
3784,63865731,0
3785,91284312,1
3786,23299874,1
3787,83322822,0
3788,79904602,2
3789,74244681,0
3790,46693728,0
3791,60498359,0
3792,67611314,0
3793,59871565,0
3794,69567130,0
3795,65851096,1
3796,25877752,0
3797,74419226,2
3798,77705844,0
3799,32676822,0
3800,23129452,0
3801,8692720,1
3802,59872516,0
3803,16942238,0
3804,79544507,2
3805,15983429,0
3806,63121887,0
3807,1967914,0
3808,62592693,0
3809,41656118,1
3810,82939885,0
3811,86302552,0
3812,81174351,2
3813,34237764,0
3814,98544207,1
3815,97535904,0
3816,31000175,0
3817,66931336,2
3818,85382769,1
3819,14749234,1
3820,18783261,0
3821,82834834,0
3822,88078115,0
3823,36602622,1
3824,85756898,0
3825,80082187,0
3826,58662402,0
3827,59321302,0
3828,36934613,1
3829,35191970,0
3830,88607875,2
3831,57815204,0
3832,62696039,0
3833,30118505,0
3834,81148572,0
3835,56176771,0
3836,74247749,0
3837,46895031,0
3838,97889068,0
3839,10812243,0
3840,14039467,2
3841,66678320,0
3842,5779776,0
3843,61116273,1
3844,88153458,1
3845,77586745,1
3846,48135661,0
3847,84970817,1
3848,52577695,0
3849,24140636,1
3850,71536623,2
3851,2799133,0
3852,9610536,0
3853,36798291,0
3854,26150560,0
3855,52993365,1
3856,23665263,0
3857,33127196,0
3858,78080799,0
3859,48015981,0
3860,58767893,0
3861,53950140,0
3862,81120471,0
3863,72507047,1
3864,31581735,0
3865,45795062,0
3866,54142083,0
3867,25861312,0
3868,60953696,2
3869,36573525,0
3870,39671251,0
3871,56616808,1
3872,63407075,1
3873,41544376,0
3874,44910548,1
3875,28676961,1
3876,69222305,2
3877,96377889,1
3878,73975676,0
3879,8676478,0
3880,45910206,0
3881,12303537,0
3882,15788948,0
3883,26885156,0
3884,69893964,0
3885,12903539,0
3886,97347506,0
3887,74208048,0
3888,60585095,2
3889,33972372,0
3890,84566711,0
3891,71548364,0
3892,22202620,0
3893,20448920,0
3894,23189921,2
3895,56213975,0
3896,59228619,0
3897,18016188,0
3898,7040062,0
3899,44502182,0
3900,70638927,0
3901,35708047,0
3902,1170383,0
3903,77899270,0
3904,40843503,0
3905,62026691,0
3906,14378064,0
3907,98127081,1
3908,15795355,0
3909,57321214,0
3910,36350903,2
3911,26288393,0
3912,32699180,1
3913,20453306,0
3914,23179237,2
3915,89545526,0
3916,8040376,0
3917,35282149,1
3918,56974171,0
3919,88887441,1
3920,25682177,0
3921,87277430,2
3922,77219808,0
3923,40486108,0
3924,28169827,1
3925,96524941,0
3926,48599614,0
3927,94459240,0
3928,38792306,0
3929,19657360,2
3930,6826517,2
3931,73217991,0
3932,68732894,0
3933,93521831,0
3934,5922414,1
3935,52289043,0
3936,92845410,0
3937,41077345,0
3938,88420049,0
3939,9415719,0
3940,31928314,0
3941,29595879,0
3942,38433129,0
3943,96638982,0
3944,22853024,0
3945,65379771,1
3946,11325131,0
3947,32517693,0
3948,20387403,0
3949,7642542,2
3950,364943,1
3951,85857604,0
3952,57471522,0
3953,27605390,0
3954,8467660,1
3955,15480493,0
3956,83517929,0
3957,59757804,0
3958,29524470,1
3959,98273609,0
3960,46140550,0
3961,96703306,1
3962,37360622,1
3963,93588746,0
3964,58359114,0
3965,91928761,0
3966,72841948,0
3967,77883978,0
3968,74138576,0
3969,87503053,0
3970,88792349,0
3971,599214,0
3972,72504909,2
3973,59482929,0
3974,77732096,0
3975,70164529,0
3976,84358496,2
3977,97734194,0
3978,40184631,0
3979,26483968,0
3980,24599069,0
3981,60520197,0
3982,57904332,0
3983,24226353,1
3984,42773100,0
3985,3814708,0
3986,13917384,0
3987,72119075,0
3988,83011565,0
3989,50448485,0
3990,94850185,0
3991,95309953,0
3992,84964214,2
3993,20229941,2
3994,74560625,0
3995,92416157,0
3996,10254346,0
3997,23421091,0
3998,97443733,0
3999,19945229,1
4000,85484083,0
4001,57389023,0
4002,25701353,0
4003,13024554,0
4004,40023315,1
4005,42514040,0
4006,45774870,2
4007,63204078,0
4008,49879463,1
4009,59792563,0
4010,54213805,0
4011,60849144,0
4012,25466810,0
4013,35339650,0
4014,16106254,0
4015,42692820,0
4016,4200633,1
4017,2313815,0
4018,58759707,0
4019,61585463,0
4020,95814624,0
4021,58684535,1
4022,93217908,0
4023,81938801,0
4024,75657101,1
4025,41548858,0
4026,70627269,1
4027,65601723,0
4028,24961883,0
4029,19349186,0
4030,50437405,1
4031,14057680,1
4032,26683479,0
4033,26973950,0
4034,29006412,0
4035,46285920,0
4036,17880925,1
4037,13892749,1
4038,74971618,0
4039,13640099,2
4040,6964297,2
4041,2748409,0
4042,17288153,0
4043,98209447,0
4044,91889766,0
4045,99656767,0
4046,5375362,0
4047,71090110,1
4048,77199996,0
4049,19469053,0
4050,53207109,0
4051,4120239,0
4052,96176164,0
4053,79962843,0
4054,61490261,0
4055,48383185,1
4056,76600577,0
4057,14627738,0
4058,98110449,2
4059,83778673,0
4060,94299627,0
4061,78436081,0
4062,56146153,2
4063,98454933,0
4064,34694521,1
4065,98201214,0
4066,15829463,1
4067,13272507,0
4068,76251993,0
4069,89853617,1
4070,62730924,0
4071,94560080,0
4072,50005999,0
4073,32325645,0
4074,50171942,0
4075,35443354,1
4076,35270811,0
4077,64853709,0
4078,11199287,2
4079,2575250,0
4080,41648663,0
4081,70219402,0
4082,65957289,0
4083,12203470,2
4084,85579112,0
4085,11889016,1
4086,16468511,0
4087,1167387,0
4088,11339812,0
4089,7920872,0
4090,48741448,1
4091,30223353,0
4092,15610275,0
4093,1810553,0
4094,53047613,0
4095,48607136,0
4096,73331087,0
4097,24183909,0
4098,41152853,0
4099,24604581,0
4100,75105317,2
4101,38109881,0
4102,60576794,0
4103,77372808,0
4104,28784463,2
4105,23542709,0
4106,95097963,0
4107,90062539,0
4108,9245676,0
4109,57160323,0
4110,86980475,0
4111,74758107,0
4112,68976923,0
4113,93124907,0
4114,91419848,0
4115,56031245,1
4116,84006113,0
4117,13662184,0
4118,11802223,0
4119,82992616,0
4120,7558708,1
4121,46081142,0
4122,64649150,0
4123,22202555,0
4124,54050794,0
4125,69378215,0
4126,85352780,0
4127,31526436,0
4128,42095357,0
4129,89633217,1
4130,22749051,1
4131,25004977,0
4132,44480495,0
4133,2188279,0
4134,40954540,1
4135,85338934,0
4136,53041063,0
4137,63757474,1
4138,55143777,0
4139,36522129,2
4140,23638110,0
4141,39232043,0
4142,76680422,0
4143,6222803,0
4144,42680425,2
4145,15904978,1
4146,80135676,0
4147,10399724,0
4148,72355711,0
4149,10459406,0
4150,74163737,2
4151,71558209,0
4152,5044049,0
4153,46682599,0
4154,35918456,1
4155,3579474,0
4156,44420917,1
4157,99813528,0
4158,51896528,0
4159,16362752,0
4160,77179406,0
4161,81586941,0
4162,467884,0
4163,61637513,0
4164,99852657,0
4165,1148423,0
4166,98114435,0
4167,97195074,0
4168,21159591,0
4169,21909264,0
4170,99862908,2
4171,76710382,1
4172,52268167,0
4173,16474252,0
4174,70690714,0
4175,30017615,2
4176,86976953,2
4177,88308056,2
4178,50917667,0
4179,17461771,0
4180,83283381,0
4181,75857220,0
4182,76694526,1
4183,89325181,0
4184,26077249,2
4185,28157668,0
4186,21195456,0
4187,11460475,1
4188,63168632,0
4189,95565122,1
4190,57425482,0
4191,69209749,0
4192,5307468,0
4193,58093414,0
4194,55680589,0
4195,27999663,2
4196,39101494,0
4197,66949306,1
4198,84219671,0
4199,39993085,0
4200,89738311,1
4201,30027962,0
4202,91731808,0
4203,89947218,0
4204,58113980,2
4205,6854770,1
4206,53201358,1
4207,34436649,0
4208,81874766,0
4209,47178282,0
4210,57337146,0
4211,90936664,0
4212,44204207,1
4213,77456482,0
4214,54320792,0
4215,51127166,0
4216,94854737,0
4217,93307776,1
4218,90684258,1
4219,77529918,0
4220,49783235,0
4221,68485953,0
4222,93597251,0
4223,33298030,2
4224,3494446,0
4225,94804906,0
4226,61270823,0
4227,5007859,0
4228,8010241,0
4229,62481790,0
4230,22835093,2
4231,72639617,2
4232,41370068,0
4233,1249796,0
4234,10147080,0
4235,79085913,0
4236,2753916,1
4237,42690957,0
4238,4149049,0
4239,33385493,0
4240,25770218,0
4241,95240894,0
4242,8595533,2
4243,85468719,1
4244,87121707,0
4245,37138963,0
4246,47888935,0
4247,64504529,0
4248,95235623,0
4249,74132398,0
4250,43374264,0
4251,16334171,0
4252,92821868,2
4253,10772755,0
4254,53562206,0
4255,47451445,1
4256,66890132,0
4257,17478828,0
4258,17123905,0
4259,17483904,0
4260,83554669,1
4261,85524948,0
4262,64583800,0
4263,29264148,1
4264,44691064,0
4265,39116372,0
4266,41709663,0
4267,75781077,0
4268,82349888,0
4269,79607508,0
4270,47488440,1
4271,10867215,0
4272,39613499,0
4273,18450757,0
4274,12759662,0
4275,69922907,1
4276,64718347,1
4277,59982199,0
4278,51826076,0
4279,837324,0
4280,55272919,0
4281,97495395,0
4282,692792,0
4283,53450026,0
4284,81824830,0
4285,1350546,0
4286,12347970,0
4287,80676221,0
4288,34835499,0
4289,57227609,0
4290,21837670,0
4291,61046063,0
4292,33513356,0
4293,74078683,2
4294,86231027,0
4295,82330162,0
4296,13361636,0
4297,66620608,0
4298,64179278,1
4299,72253281,0
4300,80930146,0
4301,81943652,0
4302,76966,0
4303,65080382,0
4304,23588989,1
4305,29220509,0
4306,26722895,1
4307,38025635,0
4308,92007217,0
4309,78675278,0
4310,25628403,1
4311,95629724,0
4312,28120091,0
4313,39110574,0
4314,5496554,0
4315,59004046,1
4316,65838682,0
4317,14474101,1
