,Reservation-id,Reservation_Status
0,62931593,2
1,70586099,3
2,4230648,1
3,25192322,3
4,80931528,1
5,64700386,3
6,16938050,3
7,90487908,3
8,5595445,1
9,17502557,1
10,92229895,3
11,27386334,2
12,76765181,1
13,40697301,2
14,63963888,1
15,27282946,2
16,8696141,1
17,52621292,1
18,21821230,3
19,12316731,2
20,93926052,1
21,5935873,3
22,56971851,1
23,72701445,2
24,27017349,2
25,60891446,2
26,27044174,3
27,88238517,1
28,61900789,2
29,64883577,3
30,55378041,2
31,53798465,2
32,60781799,3
33,94752419,3
34,60425470,3
35,96410589,1
36,41224708,2
37,74972878,1
38,50824748,3
39,94524482,1
40,32635033,2
41,92183172,1
42,28323092,2
43,86372652,3
44,19585428,3
45,42025914,2
46,85872241,3
47,16826564,3
48,80812644,1
49,64063500,1
50,39990516,1
51,71506176,1
52,70061836,1
53,25308221,1
54,75655661,2
55,41754532,1
56,87457897,3
57,33332229,3
58,43160739,2
59,76748822,3
60,35120015,1
61,40281701,1
62,27470890,1
63,18603967,2
64,65425620,1
65,42460243,3
66,2260132,3
67,20252884,3
68,15834405,1
69,90882609,3
70,76274266,3
71,13465422,2
72,4154680,2
73,4039529,2
74,6464114,1
75,21522961,3
76,25365627,3
77,22773391,1
78,14737797,1
79,39495485,1
80,69167054,1
81,46999433,3
82,23730056,2
83,65593958,2
84,1794817,2
85,568595,3
86,25540175,2
87,84281735,1
88,43117940,3
89,61747940,3
90,83033730,3
91,50132508,1
92,91149643,3
93,22294408,1
94,83629935,2
95,90562901,2
96,23362123,1
97,25574994,1
98,96601070,2
99,9849013,1
100,61268622,3
101,71369022,1
102,56819796,1
103,44480838,1
104,46997829,3
105,19493041,2
106,44705080,2
107,68317504,2
108,99142742,3
109,10932581,1
110,34186149,2
111,14986967,2
112,75352672,1
113,73587761,3
114,24225853,3
115,31053495,2
116,7544562,1
117,84009718,3
118,12848784,1
119,22206000,1
120,71645476,3
121,63933616,2
122,98523961,1
123,48949293,1
124,54039707,1
125,74268516,1
126,61747586,1
127,73468379,3
128,11357536,3
129,57315445,1
130,98107193,1
131,36317156,2
132,87140045,3
133,3858417,3
134,3484037,3
135,22152722,3
136,57476767,3
137,76342541,1
138,45672997,2
139,56546990,2
140,95346355,2
141,33870599,2
142,48651179,3
143,66744667,2
144,33429510,3
145,29185964,3
146,22782756,1
147,93139781,3
148,40786744,2
149,6137983,2
150,44476577,3
151,451424,2
152,36633039,2
153,59841829,3
154,86808792,2
155,44607177,2
156,94259414,2
157,93524061,3
158,40513594,3
159,97015202,3
160,94354381,1
161,49608182,3
162,12910803,1
163,7510007,2
164,81843718,1
165,2368054,1
166,38850660,3
167,86780562,3
168,80159546,3
169,31891030,2
170,65616811,3
171,50402056,3
172,60253225,2
173,58193137,3
174,10638256,3
175,89721533,2
176,39259056,2
177,81117513,1
178,62838233,3
179,16279861,3
180,81200609,1
181,67118671,3
182,49644870,2
183,50082265,1
184,20794778,1
185,73042352,3
186,18409964,2
187,70788551,2
188,42004070,3
189,34115215,3
190,84539295,2
191,60111231,3
192,56321763,2
193,17905639,3
194,52664408,3
195,98921286,1
196,46096867,2
197,51499029,1
198,9425826,1
199,61763538,2
200,68767075,1
201,24065252,1
202,56151689,3
203,95687144,3
204,51881559,3
205,32939582,2
206,269319,1
207,87676829,1
208,77358652,1
209,92544167,2
210,87927325,1
211,38001139,1
212,4542842,3
213,70512641,2
214,52717568,1
215,67352978,2
216,4734692,2
217,83194140,1
218,93223407,3
219,65758952,3
220,91585570,3
221,59665742,2
222,17786035,3
223,74306619,3
224,44014777,3
225,88020741,3
226,56480485,2
227,36492621,1
228,72255960,2
229,96786267,2
230,36743163,2
231,61808366,2
232,4084643,2
233,55305311,2
234,6656692,1
235,35268612,1
236,30099568,1
237,49913126,3
238,81650927,1
239,47515896,3
240,21898328,3
241,73043218,1
242,65630542,2
243,63409154,1
244,25080457,1
245,19836054,1
246,83975325,3
247,15293012,3
248,78131327,2
249,38344172,3
250,15136951,1
251,95066467,3
252,69364978,3
253,83076151,1
254,45815750,2
255,28146454,3
256,35190891,2
257,46923817,3
258,9659883,3
259,19358187,2
260,45244301,2
261,7243540,1
262,37331725,3
263,43649142,2
264,67311265,3
265,97787496,2
266,68829691,2
267,14898599,1
268,2208574,2
269,85411428,1
270,92473170,3
271,24920269,2
272,82468346,3
273,61464854,3
274,64260613,1
275,58562037,3
276,47934607,1
277,18473518,3
278,6174918,2
279,92692764,2
280,28515154,3
281,50675442,3
282,53261183,1
283,62286239,3
284,6723048,2
285,11135004,1
286,93506333,2
287,12386368,1
288,3680052,3
289,63716527,1
290,12431258,3
291,12946891,2
292,38282546,3
293,19585385,2
294,61708136,3
295,36684071,1
296,92236537,3
297,7934880,3
298,52580122,3
299,33053296,3
300,26818960,2
301,80423078,2
302,4535931,1
303,48747739,3
304,43683213,2
305,5025557,2
306,53985327,2
307,92923307,3
308,88450074,2
309,72110617,3
310,97619755,1
311,9236843,1
312,47095080,3
313,87587990,3
314,82451090,2
315,25553539,3
316,60362942,3
317,35025933,3
318,46262420,2
319,54353311,3
320,45625478,3
321,22498134,3
322,38550520,3
323,59567899,3
324,85263081,2
325,86272483,2
326,77150487,1
327,2718958,3
328,86529128,3
329,63593222,1
330,97907044,1
331,57117704,1
332,34139728,3
333,69755703,1
334,50295425,3
335,489569,2
336,20460868,1
337,34146657,2
338,44442423,3
339,61735297,1
340,16238707,3
341,98540026,3
342,16232630,3
343,88794796,2
344,52604895,1
345,92337882,3
346,9201042,1
347,91836596,1
348,16527896,2
349,41614945,2
350,29951275,3
351,75058864,3
352,95310373,1
353,73653384,3
354,32004848,2
355,53583531,1
356,58034214,2
357,98233510,3
358,4454983,2
359,672637,3
360,68525273,2
361,21361529,3
362,67048647,1
363,67690197,1
364,61528433,3
365,97727786,3
366,37595100,1
367,6302097,1
368,69754182,2
369,72259602,1
370,3641848,3
371,32731707,3
372,3556731,1
373,60940241,3
374,93897474,1
375,65715013,2
376,82670065,1
377,98928971,3
378,9907656,2
379,52294619,2
380,82509446,1
381,14366947,3
382,86425434,3
383,38431913,2
384,84678556,3
385,26967757,3
386,30037430,3
387,10378995,2
388,65525448,3
389,79897767,3
390,738956,3
391,52312220,2
392,12973691,1
393,1136559,1
394,85771728,1
395,83911057,3
396,78641911,3
397,56483609,3
398,97270148,1
399,22744114,1
400,3477007,1
401,11471017,1
402,65751836,3
403,78283725,1
404,68656076,2
405,34125677,2
406,29373913,3
407,32247205,1
408,70741695,1
409,74248187,2
410,92259027,1
411,3596204,3
412,23506394,3
413,65045531,1
414,98577176,3
415,59986478,1
416,94955605,3
417,35655135,2
418,23663674,3
419,99664548,3
420,59855510,1
421,18969348,1
422,26265371,3
423,55750229,3
424,89602422,3
425,90783462,1
426,34300225,3
427,46903391,3
428,80155697,1
429,27662142,2
430,6222390,3
431,85524525,3
432,37480007,3
433,55428598,1
434,65797493,3
435,20061960,3
436,47199087,2
437,10260418,2
438,9746752,3
439,67139468,1
440,60634871,1
441,53819054,3
442,89830064,1
443,33243297,1
444,34890362,3
445,35896451,1
446,34911706,3
447,25998722,3
448,97178538,1
449,649124,3
450,61367175,3
451,17460804,1
452,85973647,1
453,44925821,2
454,42420723,2
455,69893288,3
456,31899876,1
457,62575378,3
458,63669387,2
459,55667532,1
460,70405950,3
461,38224976,1
462,90491030,1
463,72970791,2
464,40483145,3
465,87800461,3
466,94525681,3
467,93422353,2
468,39341346,3
469,65817461,2
470,81624414,3
471,49497444,3
472,1164005,3
473,85925462,2
474,91210577,1
475,90397982,1
476,79389419,1
477,32941111,3
478,86861463,3
479,94442457,3
480,38607749,2
481,70560954,3
482,29388468,3
483,84899203,1
484,22945006,1
485,30689639,3
486,61622598,3
487,95414443,1
488,43581896,1
489,86078165,2
490,77062771,2
491,84263576,2
492,12584187,3
493,11256358,1
494,9122782,2
495,43778704,3
496,17470915,3
497,65940919,3
498,25192909,1
499,40113251,3
500,27380459,3
501,93153045,2
502,71846686,1
503,4363902,3
504,89617312,3
505,77224569,1
506,60284929,3
507,89154977,3
508,38987701,1
509,60529273,2
510,80988629,1
511,95564150,2
512,23565115,1
513,71925855,1
514,56594943,2
515,62896128,2
516,320974,1
517,61945559,1
518,51102079,1
519,17944404,3
520,74097915,1
521,72961577,3
522,9406065,3
523,31712999,3
524,772477,2
525,40876045,1
526,15525680,3
527,1220121,3
528,66373347,1
529,77485565,3
530,1709337,3
531,78783753,2
532,36118674,1
533,16034345,1
534,95411958,3
535,65283644,1
536,65974018,1
537,97308841,3
538,94035715,3
539,2780702,1
540,57537559,2
541,51223964,1
542,47840681,3
543,67776455,1
544,89529997,1
545,57812290,1
546,94519587,3
547,79663212,1
548,54828270,3
549,74811794,2
550,83345601,2
551,56570387,1
552,95026867,3
553,51381402,1
554,58074618,2
555,45015777,2
556,20609696,2
557,53246505,3
558,17367864,1
559,78968593,3
560,75176421,2
561,61418404,3
562,85020961,1
563,91920213,2
564,20137143,2
565,32345779,2
566,34956784,3
567,73216190,3
568,81278503,3
569,76449258,2
570,39481842,1
571,59827519,3
572,47252802,3
573,35043113,3
574,24583080,2
575,73050389,2
576,72460331,3
577,76872180,3
578,2132883,1
579,24137681,2
580,91676758,1
581,51264056,3
582,34657093,1
583,82768374,1
584,62247784,1
585,9209094,3
586,8727009,3
587,99694281,1
588,75890985,1
589,7334404,1
590,69203107,1
591,15049567,3
592,40660103,3
593,84200991,3
594,68582654,3
595,78684562,2
596,2255268,1
597,16921933,2
598,63837732,1
599,4731034,3
600,2823450,3
601,65338348,1
602,70252390,2
603,68425557,3
604,35313163,1
605,90162894,1
606,22124694,1
607,93127191,2
608,66087258,3
609,99927089,2
610,66271439,2
611,33981655,3
612,45405102,2
613,74623799,2
614,45329763,3
615,40057073,3
616,98869764,3
617,63689535,3
618,40679347,2
619,10231015,3
620,4768008,1
621,84146039,1
622,58162426,2
623,72961971,1
624,89192605,3
625,29711403,3
626,38619269,2
627,18739601,1
628,67221043,3
629,30962836,1
630,57123141,2
631,64247976,3
632,32539333,3
633,71881293,1
634,4498414,2
635,30658759,3
636,50848259,2
637,42166026,3
638,60918816,1
639,8554259,1
640,79685291,1
641,18061332,1
642,34182637,2
643,20209689,2
644,70923481,1
645,53176772,3
646,57825978,2
647,76289146,2
648,70522186,1
649,79469857,3
650,56567337,3
651,65100356,3
652,67322260,1
653,84520269,2
654,31754068,3
655,80079409,3
656,88645371,3
657,72759458,3
658,26478361,1
659,84805785,3
660,54353676,1
661,42664865,1
662,68053239,3
663,19544177,1
664,2042510,3
665,16366144,3
666,12280716,1
667,64301770,2
668,75984731,1
669,71615098,1
670,82440114,2
671,3633598,1
672,28676460,2
673,25997925,1
674,13468858,3
675,76193682,1
676,15938319,1
677,26316748,3
678,69906105,1
679,99146661,1
680,5100624,1
681,51555503,3
682,23378791,1
683,10181515,1
684,25247938,1
685,66900837,3
686,50504572,2
687,86339920,2
688,84106109,2
689,27926291,2
690,24563762,1
691,26614815,3
692,57297857,2
693,38096780,3
694,24372436,2
695,85819413,2
696,91042702,1
697,68953549,3
698,44390749,3
699,29163663,3
700,24744742,3
701,99742323,3
702,3494637,3
703,46430910,2
704,87687863,1
705,36272486,2
706,89842859,2
707,75033128,2
708,27927711,2
709,33515702,2
710,63063406,3
711,31874018,1
712,2474153,1
713,96647907,1
714,78617449,2
715,56358558,3
716,48419566,2
717,13868313,2
718,50918269,3
719,1097513,3
720,7640295,2
721,73305940,2
722,25777461,3
723,69099321,1
724,77466976,2
725,76053774,3
726,96792780,2
727,98761627,3
728,73437079,3
729,90953434,3
730,60335743,2
731,78402237,3
732,47994902,3
733,15981661,3
734,93844687,2
735,84852694,3
736,48273730,3
737,64483572,1
738,57590463,3
739,2516360,1
740,16393790,1
741,42746498,2
742,6013315,2
743,20914768,3
744,29868001,3
745,82789513,2
746,91924362,3
747,59292493,3
748,54269093,2
749,80007056,2
750,91930301,3
751,71591534,2
752,61340580,2
753,17562504,3
754,11362956,2
755,34700604,2
756,41874714,2
757,81399524,1
758,244000,1
759,65102091,3
760,96681770,1
761,3042934,2
762,10668465,2
763,12693432,3
764,84215591,3
765,80554215,3
766,5322069,1
767,32202952,1
768,38282132,1
769,78657053,3
770,73222811,2
771,91388609,2
772,83226738,3
773,32597237,3
774,77491577,2
775,64627593,2
776,83467621,1
777,39378946,2
778,30573845,2
779,76301539,3
780,15413452,1
781,59474405,2
782,18401635,1
783,76529547,3
784,7379978,1
785,12870914,3
786,38688367,2
787,51572415,1
788,61096650,2
789,84100297,1
790,66660796,1
791,82925803,3
792,49009601,2
793,80720138,1
794,82681968,2
795,46283531,2
796,36192374,1
797,87846915,2
798,964706,3
799,95722773,3
800,13090702,3
801,92563485,1
802,44574975,2
803,62829280,1
804,2519077,1
805,52702877,3
806,11817789,3
807,21486995,2
808,82240870,1
809,81843608,3
810,27177544,1
811,90373160,1
812,84805472,2
813,90287000,2
814,6372131,2
815,45982138,3
816,32649490,1
817,52362704,3
818,74782301,2
819,88582394,1
820,5778999,2
821,99865370,3
822,56993732,3
823,58545933,3
824,68090145,2
825,82015514,3
826,73986568,1
827,41768772,3
828,8639098,3
829,71066522,3
830,66271696,2
831,60976249,2
832,88813842,3
833,45257482,2
834,45205638,1
835,70883085,3
836,73940542,3
837,9181036,2
838,53524606,2
839,77246132,2
840,37867080,1
841,99805169,2
842,50339108,2
843,44021654,3
844,8853439,1
845,11103245,2
846,22592855,3
847,71025964,3
848,65651720,3
849,24262834,2
850,33720048,2
851,68422365,3
852,86629674,3
853,33621396,2
854,53001947,3
855,99468721,1
856,13977094,3
857,97698460,1
858,88107235,3
859,32880915,2
860,94103059,1
861,23934717,1
862,64829276,1
863,29933861,1
864,30948732,3
865,94698701,1
866,35653219,2
867,87537168,1
868,68550289,1
869,22356627,3
870,95289606,1
871,91802072,1
872,89261512,1
873,56446220,2
874,54890181,1
875,95094327,2
876,80509987,3
877,74754942,1
878,67380812,3
879,99756896,3
880,2430028,1
881,77648216,3
882,83191944,1
883,17684010,3
884,29226178,3
885,99708842,3
886,69210554,1
887,33465549,1
888,81670375,2
889,23380975,3
890,69729338,3
891,89183454,1
892,75878079,1
893,36265195,3
894,32969255,2
895,28930887,2
896,50815091,3
897,1881274,1
898,1155758,2
899,64172176,3
900,29271830,2
901,91401105,1
902,78336302,1
903,34951489,3
904,63801194,2
905,89966347,2
906,10808461,3
907,4406534,3
908,7602665,3
909,40660488,3
910,93569363,1
911,42802734,3
912,19595191,2
913,95357202,3
914,83609095,3
915,67585602,1
916,95974371,1
917,9625508,1
918,38099293,2
919,72649830,1
920,14660067,3
921,41232727,2
922,23402166,3
923,4984128,1
924,21210426,1
925,41447112,2
926,60634462,1
927,8234321,2
928,21742258,3
929,255736,2
930,87479737,3
931,44802651,3
932,6301724,3
933,7975341,2
934,3863462,1
935,20779713,1
936,72020813,3
937,10459657,1
938,69510797,3
939,61443270,3
940,47713030,2
941,61438557,3
942,39523483,2
943,60959311,2
944,68800796,3
945,30713627,2
946,3141740,1
947,44778691,3
948,40673727,3
949,86740083,2
950,45058735,2
951,50054962,2
952,66661559,3
953,11384099,2
954,1624305,3
955,97629136,2
956,12775174,3
957,68109958,2
958,98499290,2
959,82624659,1
960,20472760,1
961,87054305,1
962,18197773,1
963,442773,1
964,39873114,2
965,92146832,3
966,87410502,3
967,79043692,2
968,54551201,3
969,40962670,1
970,59372611,1
971,1482209,1
972,86239976,1
973,82771697,3
974,39319078,1
975,24387898,1
976,6229724,3
977,28534345,2
978,51997718,1
979,19167171,2
980,61117547,1
981,64788698,1
982,12960669,3
983,11787022,2
984,34818088,2
985,67165469,3
986,67459890,1
987,65155373,2
988,48498201,2
989,92165704,1
990,33247236,1
991,46678262,3
992,63491163,3
993,47950865,1
994,68385398,3
995,22697348,2
996,66088269,2
997,57011312,1
998,3061001,1
999,25175876,2
1000,12286644,3
1001,53403546,2
1002,30929972,2
1003,42702118,3
1004,9235904,3
1005,43987683,3
1006,13579467,2
1007,1829883,2
1008,88992850,1
1009,6830595,3
1010,19915866,3
1011,41278258,2
1012,80670693,2
1013,75433844,1
1014,4318167,3
1015,25692244,1
1016,56763048,1
1017,94230735,3
1018,18759065,2
1019,39385054,3
1020,39295632,2
1021,29101448,3
1022,23973990,3
1023,33218331,2
1024,77697751,1
1025,52593494,3
1026,72754167,3
1027,29525359,2
1028,87476952,2
1029,59685178,2
1030,81641413,3
1031,79100181,1
1032,95245839,3
1033,22640274,2
1034,46795646,1
1035,68422702,1
1036,97204913,3
1037,95444147,3
1038,322633,1
1039,98072286,3
1040,21107683,2
1041,71511156,2
1042,46335826,1
1043,68398987,3
1044,8987123,2
1045,12827854,2
1046,43711013,1
1047,79780211,3
1048,31267900,2
1049,99850766,2
1050,52418975,1
1051,65554993,2
1052,41176381,1
1053,21483630,1
1054,46162917,2
1055,12828035,1
1056,22687237,1
1057,8108399,2
1058,94112231,3
1059,97245300,1
1060,82029052,2
1061,43272362,3
1062,69999465,2
1063,74302517,3
1064,57351878,3
1065,15577242,3
1066,82280845,3
1067,3326101,2
1068,32240604,3
1069,54139621,2
1070,80424676,3
1071,47831746,2
1072,70681972,3
1073,26551703,1
1074,100679,3
1075,85458407,3
1076,76449238,2
1077,19023443,2
1078,97569024,2
1079,31790666,2
1080,96561506,1
1081,70812048,2
1082,70771145,2
1083,85065167,2
1084,58312846,2
1085,85446936,2
1086,18683134,1
1087,37261811,3
1088,48590326,1
1089,90511459,2
1090,88402771,3
1091,18609405,1
1092,70536512,2
1093,48723766,1
1094,71682104,3
1095,84472884,2
1096,94540524,3
1097,20081672,3
1098,90498156,1
1099,39862102,3
1100,2986513,1
1101,71020923,2
1102,11050974,1
1103,73947319,3
1104,25148166,1
1105,26200175,1
1106,63700293,3
1107,65966555,3
1108,73094116,3
1109,94797207,3
1110,41802714,1
1111,25360364,2
1112,62913302,1
1113,48317204,3
1114,11679216,2
1115,344030,3
1116,26342770,3
1117,2130705,2
1118,47654490,3
1119,21859676,3
1120,9377354,1
1121,57546978,2
1122,7190821,1
1123,14372532,3
1124,69350556,2
1125,40747350,2
1126,64810591,1
1127,41043772,3
1128,21753367,1
1129,80434987,1
1130,37868684,2
1131,51249933,2
1132,80359817,3
1133,49489899,2
1134,23216017,2
1135,88072468,3
1136,23142597,3
1137,81007808,1
1138,54623562,3
1139,18324699,3
1140,75498272,3
1141,1168199,2
1142,47904671,1
1143,55625010,2
1144,93802723,1
1145,60312495,1
1146,27958779,2
1147,54691652,1
1148,146559,1
1149,63061351,3
1150,34952205,1
1151,35587413,3
1152,92386141,3
1153,68007883,2
1154,57477534,1
1155,7771634,3
1156,60610853,3
1157,64099015,1
1158,48980211,1
1159,53361809,2
1160,72565508,3
1161,33983544,3
1162,76884064,2
1163,26480449,2
1164,36637637,3
1165,55159501,1
1166,62075452,1
1167,96603700,3
1168,58434136,1
1169,50250520,2
1170,8551884,1
1171,85496242,1
1172,60183897,1
1173,23295227,1
1174,31423767,1
1175,64465482,3
1176,78474247,3
1177,62561054,2
1178,10245009,3
1179,80245871,3
1180,79192194,2
1181,5827840,1
1182,48867091,2
1183,67906642,1
1184,26314538,1
1185,72862999,3
1186,71352584,1
1187,54379534,2
1188,32829294,1
1189,20971718,3
1190,44936084,2
1191,16012987,1
1192,71421587,3
1193,96874644,3
1194,25404551,1
1195,91368194,1
1196,25128592,2
1197,39421277,3
1198,83073780,2
1199,72464404,3
1200,69692541,1
1201,26635402,1
1202,45065812,3
1203,10977469,1
1204,90675225,2
1205,28449927,3
1206,24375409,2
1207,27550950,1
1208,49442899,1
1209,52865393,3
1210,26100559,1
1211,98967268,3
1212,33902173,3
1213,51494485,1
1214,12503686,2
1215,97884772,2
1216,12243817,3
1217,17410417,2
1218,77507446,1
1219,46167372,3
1220,41551935,3
1221,15561096,2
1222,64106937,1
1223,86772355,3
1224,91274201,3
1225,99710889,3
1226,30492803,3
1227,74914286,2
1228,31427936,3
1229,20205577,1
1230,78337063,2
1231,22339600,1
1232,19874078,1
1233,56326367,3
1234,46598038,1
1235,65740316,1
1236,40028177,3
1237,75646514,2
1238,5152643,1
1239,1105612,3
1240,66485161,1
1241,76426906,3
1242,44654410,1
1243,90528802,2
1244,12965017,1
1245,49823963,2
1246,57078122,3
1247,49531178,1
1248,61878166,3
1249,33810479,1
1250,73771918,3
1251,38371274,2
1252,91007713,3
1253,59377797,3
1254,77291288,2
1255,22691991,3
1256,11024543,3
1257,55315656,1
1258,59995428,3
1259,43061646,3
1260,34458985,3
1261,81263177,1
1262,86380742,3
1263,32894739,1
1264,11831033,1
1265,9536552,3
1266,65456983,3
1267,77304094,3
1268,51453126,2
1269,89330598,2
1270,45527180,1
1271,23711406,2
1272,18858868,2
1273,59430808,3
1274,43117469,1
1275,53807169,2
1276,23758133,3
1277,56271369,3
1278,75383675,2
1279,15776314,3
1280,7353440,2
1281,50671309,3
1282,16988296,3
1283,59097958,1
1284,68141368,3
1285,41782313,2
1286,37579960,3
1287,13925964,2
1288,76438193,1
1289,17183138,1
1290,92185592,2
1291,86429823,1
1292,33147964,2
1293,81894339,2
1294,51268497,2
1295,1387022,3
1296,93019323,3
1297,97808763,3
1298,89514467,2
1299,66229306,3
1300,94180843,3
1301,84993696,2
1302,98839800,1
1303,385120,3
1304,87732768,1
1305,92762969,2
1306,83085916,3
1307,10618184,3
1308,26680071,3
1309,12981748,2
1310,59549278,2
1311,9526815,1
1312,81392523,3
1313,60572413,3
1314,39246430,2
1315,3094636,3
1316,20506586,3
1317,69117467,2
1318,69787976,2
1319,81349158,1
1320,51743437,2
1321,49476942,3
1322,71839850,3
1323,89341744,3
1324,93008272,1
1325,2219837,2
1326,41751726,1
1327,66838564,1
1328,6724635,2
1329,2241902,2
1330,86151761,2
1331,80147569,2
1332,7101365,1
1333,44511291,2
1334,88079653,2
1335,52865260,2
1336,33218313,3
1337,34824911,1
1338,58810231,2
1339,58130671,3
1340,85207721,1
1341,93964114,2
1342,59789215,1
1343,4649037,1
1344,58358126,2
1345,4650785,3
1346,44716312,3
1347,43314265,2
1348,12961368,3
1349,64349345,2
1350,4588276,3
1351,62187682,2
1352,65922130,2
1353,56454382,3
1354,15154520,2
1355,73935467,3
1356,32794287,3
1357,71999295,2
1358,59532442,2
1359,6634001,2
1360,14908846,2
1361,30991152,1
1362,21915580,3
1363,88370208,2
1364,46845932,1
1365,94592577,1
1366,8139697,1
1367,48116251,1
1368,29726119,3
1369,98939344,1
1370,23964548,1
1371,36722406,2
1372,82038699,2
1373,21051428,3
1374,37198035,3
1375,73884821,3
1376,66522950,2
1377,80729114,2
1378,60290818,3
1379,84211221,3
1380,93372712,3
1381,26270930,3
1382,25714167,3
1383,48131698,2
1384,56723341,1
1385,73052957,3
1386,83968500,1
1387,29536498,1
1388,41275836,2
1389,62914733,2
1390,12030000,1
1391,10180058,2
1392,2712446,1
1393,46374832,2
1394,6155515,3
1395,77919222,2
1396,67485233,1
1397,32731314,1
1398,49308675,1
1399,13300044,2
1400,97331668,2
1401,57298799,1
1402,95496525,2
1403,48044351,3
1404,10344640,2
1405,1860691,3
1406,30032094,3
1407,52576883,2
1408,83216764,3
1409,21313241,1
1410,75104688,3
1411,26077976,2
1412,56731782,2
1413,11755297,3
1414,3995196,2
1415,55448267,2
1416,63331247,3
1417,423519,3
1418,92672803,3
1419,41823717,2
1420,15869969,3
1421,61297830,3
1422,13844550,1
1423,45326867,2
1424,48394298,2
1425,69388614,1
1426,5166281,3
1427,39154996,2
1428,834471,2
1429,10032261,3
1430,76697462,1
1431,12103210,1
1432,59820162,2
1433,12266886,1
1434,54070340,3
1435,96352434,3
1436,35245843,1
1437,87923139,2
1438,56960414,2
1439,96042376,3
1440,4577940,2
1441,91978599,3
1442,22850339,1
1443,94106138,2
1444,7684286,3
1445,70709751,1
1446,8399281,3
1447,99113400,2
1448,22778822,3
1449,16044174,2
1450,41842808,1
1451,22463820,3
1452,77617534,1
1453,47527250,3
1454,27900391,1
1455,98411832,3
1456,67344420,3
1457,67746547,1
1458,43473465,2
1459,95756858,2
1460,87840884,2
1461,10958598,2
1462,75104092,3
1463,25633505,1
1464,22101459,1
1465,76431464,1
1466,38684336,2
1467,92476858,1
1468,45200833,2
1469,88957616,3
1470,57085019,1
1471,38696010,1
1472,2798037,3
1473,54374290,2
1474,37171306,3
1475,27965213,2
1476,536219,3
1477,69557488,1
1478,92635162,3
1479,55668964,1
1480,77747162,3
1481,77213711,3
1482,50413354,2
1483,46148474,2
1484,30884270,2
1485,45601437,2
1486,38810153,1
1487,90947336,1
1488,64809030,3
1489,47504653,3
1490,85537455,3
1491,64805405,1
1492,13543115,3
1493,6450455,2
1494,71846898,1
1495,25442004,2
1496,46009929,3
1497,99982225,3
1498,2293656,2
1499,61097617,2
1500,53979776,3
1501,18055208,2
1502,30723442,3
1503,34210726,3
1504,62585112,3
1505,57055232,1
1506,62074286,1
1507,55645316,2
1508,2221573,1
1509,11628282,2
1510,52522070,2
1511,99051077,3
1512,7576530,2
1513,68285617,2
1514,22876778,3
1515,30772530,2
1516,28027298,3
1517,54822029,2
1518,12402536,3
1519,42883842,3
1520,29453719,3
1521,99528131,1
1522,15938091,1
1523,68333080,2
1524,12447784,2
1525,6280972,2
1526,62412818,2
1527,46733506,2
1528,18609182,1
1529,51293574,3
1530,16841366,1
1531,24341514,3
1532,92081153,2
1533,2982616,2
1534,78317376,3
1535,26590311,2
1536,9222955,1
1537,84792801,1
1538,72211200,2
1539,98482889,1
1540,74399157,2
1541,9784901,3
1542,84087248,1
1543,2466496,1
1544,5798406,2
1545,10805856,1
1546,74038897,2
1547,76166687,2
1548,70256430,2
1549,99539532,1
1550,27774731,2
1551,83108063,3
1552,6453675,2
1553,70095267,2
1554,10866821,3
1555,42285667,1
1556,6541697,3
1557,298258,1
1558,94997431,2
1559,68526693,1
1560,64493971,1
1561,35060342,2
1562,63755975,2
1563,30597945,1
1564,59019732,2
1565,54874457,2
1566,54153141,3
1567,16928467,1
1568,78017410,1
1569,24066672,1
1570,11344846,2
1571,47718960,2
1572,18063859,2
1573,48947279,3
1574,73170938,1
1575,35679838,3
1576,38262540,2
1577,22808223,1
1578,54960834,3
1579,8615769,2
1580,15612750,1
1581,35364024,2
1582,82832190,3
1583,5851697,2
1584,83584833,2
1585,71309814,2
1586,63792048,2
1587,21168262,3
1588,55655549,3
1589,91294583,1
1590,65487723,1
1591,85150317,2
1592,37320281,2
1593,69474947,2
1594,78619486,1
1595,85348285,2
1596,14680676,3
1597,63111394,3
1598,76479422,2
1599,31645350,1
1600,78326224,2
1601,90661793,2
1602,25838820,3
1603,98918449,1
1604,60333915,3
1605,74267204,2
1606,97374427,3
1607,79409258,3
1608,48860043,2
1609,30125722,3
1610,5207284,1
1611,76354945,2
1612,78016591,3
1613,47661716,2
1614,66083124,2
1615,21201121,2
1616,42701655,1
1617,70452869,1
1618,99599082,2
1619,41421084,2
1620,70476396,2
1621,39944616,2
1622,18432525,2
1623,73203994,2
1624,26615892,3
1625,35122476,2
1626,4882237,2
1627,21645389,2
1628,83031683,2
1629,75054217,1
1630,70316383,1
1631,58509971,3
1632,72766823,2
1633,30963900,1
1634,67478845,2
1635,15271098,1
1636,67570740,3
1637,83674014,3
1638,7307988,2
1639,97205512,1
1640,49059940,3
1641,63290286,3
1642,48293717,3
1643,79607632,3
1644,49317412,1
1645,55594999,2
1646,44074683,1
1647,49344213,2
1648,36336995,2
1649,11853594,2
1650,91734377,1
1651,20227183,3
1652,1265547,2
1653,51735086,3
1654,87646214,3
1655,95376728,3
1656,37469563,1
1657,37633288,2
1658,18228713,1
1659,55647895,3
1660,38157546,1
1661,97318445,2
1662,82754814,2
1663,33911269,2
1664,75188130,1
1665,61833829,3
1666,40313708,1
1667,48031238,1
1668,11834483,2
1669,22731352,1
1670,52792899,2
1671,45638406,3
1672,16961545,3
1673,9528344,2
1674,60252468,2
1675,97393857,2
1676,69172836,2
1677,92622070,3
1678,42478621,2
1679,72967028,1
1680,95075959,2
1681,21543690,2
1682,83646596,1
1683,84621589,1
1684,78623723,3
1685,54339997,1
1686,53359936,1
1687,52499554,3
1688,32754623,3
1689,51605539,2
1690,52547915,2
1691,80338288,2
1692,94586433,3
1693,80916902,2
1694,99259352,1
1695,80523635,2
1696,47232512,2
1697,3843255,2
1698,7628369,3
1699,84297555,1
1700,20086711,1
1701,8245282,3
1702,65627144,3
1703,81225306,1
1704,71797829,3
1705,91683299,2
1706,4440528,3
1707,55454923,2
1708,61081612,2
1709,83804555,2
1710,95319204,2
1711,49618143,2
1712,78710175,2
1713,96462721,3
1714,69441406,2
1715,47358170,1
1716,21007556,2
1717,74220194,1
1718,86167775,2
1719,74789631,2
1720,26698230,1
1721,98365493,2
1722,1623211,2
1723,30332079,1
1724,79247958,3
1725,6146859,2
1726,87000052,1
1727,76695249,1
1728,29713558,2
1729,9907801,1
1730,9317491,1
1731,25780833,2
1732,21098527,2
1733,85936303,3
1734,37055225,2
1735,64574136,1
1736,60991661,3
1737,26136545,2
1738,95327958,2
1739,79736508,1
1740,7734288,2
1741,72492324,3
1742,38294195,1
1743,19164874,3
1744,85685705,1
1745,32601571,2
1746,82920139,1
1747,71071216,2
1748,31439444,2
1749,71728834,2
1750,67895136,1
1751,94618632,2
1752,26641241,1
1753,97765897,2
1754,67462384,1
1755,92843509,2
1756,47546011,2
1757,32481134,1
1758,19037297,2
1759,6867527,2
1760,18738048,2
1761,91247576,3
1762,28348117,1
1763,14776929,3
1764,88946501,3
1765,60198776,2
1766,46882893,2
1767,32891408,2
1768,83953970,2
1769,50560181,2
1770,52490175,2
1771,31978954,3
1772,92943593,1
1773,77390700,3
1774,79076594,2
1775,8334519,3
1776,81577179,2
1777,8584289,1
1778,11599120,3
1779,45473652,3
1780,5909549,1
1781,49689234,2
1782,37334356,1
1783,48431379,3
1784,90897814,3
1785,13411865,3
1786,81303565,1
1787,84587880,2
1788,53849700,1
1789,76739157,2
1790,35894492,1
1791,15576528,1
1792,37326239,2
1793,21551504,2
1794,20748907,2
1795,87138372,1
1796,66875030,1
1797,12482222,1
1798,30603259,2
1799,16621201,3
1800,49459908,3
1801,65324279,2
1802,44524349,1
1803,68518967,2
1804,67638190,2
1805,28701425,1
1806,31825028,2
1807,50781984,1
1808,57645092,2
1809,60731930,3
1810,1049488,3
1811,93125226,3
1812,47779427,2
1813,23910370,1
1814,95762631,1
1815,51245266,3
1816,31656607,3
1817,39233359,2
1818,45217885,3
1819,90697590,1
1820,17473992,1
1821,65377461,2
1822,16315798,2
1823,97368251,2
1824,55295718,1
1825,26941717,3
1826,16214362,2
1827,48306430,1
1828,66830972,3
1829,65237582,2
1830,61940550,1
1831,1384720,2
1832,51845553,1
1833,30442529,3
1834,19693266,3
1835,25532421,3
1836,78552256,1
1837,27935584,1
1838,37133968,2
1839,75078090,3
1840,46138443,3
1841,90018189,1
1842,75038038,3
1843,13666585,3
1844,48146893,1
1845,48234921,2
1846,73228748,3
1847,62956131,3
1848,95425926,3
1849,24147362,1
1850,80924116,2
1851,4431018,2
1852,89126590,1
1853,76107510,1
1854,19447668,1
1855,28032096,2
1856,98154983,3
1857,16442638,1
1858,21374488,3
1859,20352990,1
1860,62553001,2
1861,17358202,2
1862,82328228,3
1863,32732253,2
1864,44499858,2
1865,92341843,1
1866,38093978,2
1867,24552370,3
1868,83651671,2
1869,13648146,1
1870,7952936,3
1871,90405063,1
1872,71365967,3
1873,86538332,2
1874,13639344,2
1875,68492935,1
1876,22308123,1
1877,27430394,3
1878,16523014,3
1879,99727808,1
1880,15228342,3
1881,8753114,2
1882,25464158,2
1883,74042706,2
1884,87651378,1
1885,48230750,1
1886,9429360,1
1887,89908453,1
1888,59779632,3
1889,53634788,1
1890,86158783,1
1891,72671408,3
1892,95379227,1
1893,98705794,1
1894,23773248,2
1895,53558353,3
1896,62812607,2
1897,8662623,3
1898,57729089,2
1899,30172004,1
1900,68318,1
1901,78725187,3
1902,42471625,3
1903,92539534,1
1904,27777100,3
1905,49896464,1
1906,49627174,2
1907,63452695,2
1908,11839133,2
1909,60252383,2
1910,28203548,3
1911,52145976,3
1912,96245471,1
1913,85619324,1
1914,22689905,1
1915,82119035,1
1916,5613791,2
1917,2790403,3
1918,15246210,2
1919,56761077,2
1920,35673687,2
1921,34662730,1
1922,7891943,1
1923,56720001,2
1924,36833630,3
1925,35333204,2
1926,32631580,2
1927,1241907,2
1928,23434367,3
1929,90964626,3
1930,85846294,2
1931,14411182,2
1932,43504013,2
1933,67541827,2
1934,76235501,3
1935,60141508,3
1936,58831831,2
1937,59293650,2
1938,32836106,1
1939,17183168,1
1940,35902527,2
1941,21646184,2
1942,40824343,2
1943,22052744,2
1944,64189516,2
1945,56300692,3
1946,93449150,2
1947,79235295,2
1948,21613979,1
1949,55967964,2
1950,29913598,1
1951,93742460,2
1952,66606126,2
1953,95367563,3
1954,87162513,1
1955,92526335,3
1956,8076511,1
1957,73847953,1
1958,47385700,2
1959,77966835,2
1960,37579215,2
1961,26243545,3
1962,21812269,2
1963,6409114,1
1964,57392971,3
1965,19767398,3
1966,74060235,3
1967,28124818,3
1968,59580432,3
1969,62540637,3
1970,7264169,3
1971,5706435,3
1972,66555318,2
1973,95070625,2
1974,54944571,1
1975,45080277,3
1976,40542724,2
1977,7274014,3
1978,70068622,2
1979,31012066,2
1980,21220589,3
1981,85837267,2
1982,36695999,1
1983,42331245,2
1984,67143963,3
1985,82558546,3
1986,46947074,3
1987,81821726,2
1988,88317524,2
1989,60382297,2
1990,81119941,2
1991,57582771,1
1992,85868552,2
1993,40289722,1
1994,6666823,2
1995,11419979,2
1996,23989351,1
1997,86757901,3
1998,15881609,1
1999,82764348,1
2000,43713979,3
2001,11630234,2
2002,10541829,2
2003,36609272,1
2004,84098506,3
2005,21494125,3
2006,58302950,2
2007,99413607,2
2008,19139587,1
2009,14888385,1
2010,27094493,2
2011,45385947,1
2012,43085117,3
2013,7364514,3
2014,77274278,1
2015,22997376,3
2016,17609344,3
2017,83192976,1
2018,57651929,3
2019,61485968,1
2020,3010978,1
2021,13423022,3
2022,17963529,2
2023,39614885,2
2024,74112796,1
2025,99961316,1
2026,25328768,1
2027,74919823,3
2028,14077765,3
2029,66663224,2
2030,11924996,1
2031,85784923,3
2032,55834534,3
2033,21059575,1
2034,39641094,1
2035,91483981,2
2036,95837906,2
2037,99115384,2
2038,2807494,2
2039,24671722,2
2040,37407407,3
2041,75873152,1
2042,81972360,3
2043,39205253,2
2044,70090390,1
2045,69060786,2
2046,41876769,2
2047,8660729,3
2048,30724993,2
2049,54740023,1
2050,18875352,2
2051,75507333,1
2052,42531222,3
2053,40092495,3
2054,52686791,3
2055,85760116,2
2056,31854060,3
2057,22982993,1
2058,33090365,1
2059,89945473,3
2060,32184517,2
2061,90067568,1
2062,34291467,2
2063,94509732,2
2064,96965810,1
2065,36949796,1
2066,70461460,2
2067,54763754,1
2068,42329401,2
2069,51368911,3
2070,42331920,3
2071,92432382,2
2072,78524118,1
2073,31843079,2
2074,42704518,3
2075,63345571,3
2076,4855164,3
2077,71229894,1
2078,33514337,1
2079,52000526,3
2080,52287951,2
2081,88808150,2
2082,2830269,1
2083,80494453,3
2084,32905391,1
2085,92326050,3
2086,84380901,1
2087,97127845,2
2088,34116454,2
2089,32647014,1
2090,55240625,2
2091,82651375,1
2092,43453111,2
2093,6771023,2
2094,3354403,3
2095,92039626,2
2096,91014705,3
2097,41921834,3
2098,8901216,2
2099,23480543,3
2100,63573419,3
2101,13346059,1
2102,35396924,3
2103,48803735,3
2104,87535107,3
2105,90563621,1
2106,567520,1
2107,86593443,3
2108,47611611,1
2109,39863741,2
2110,28568441,2
2111,38932769,1
2112,28495940,3
2113,77641549,1
2114,36314529,1
2115,33787722,3
2116,50189940,1
2117,56602311,2
2118,48354691,1
2119,33053560,2
2120,83915119,1
2121,36945931,2
2122,88936756,1
2123,1737355,2
2124,94036739,1
2125,32814808,2
2126,98233883,2
2127,75178481,1
2128,52950446,1
2129,10267064,1
2130,16186505,3
2131,51581940,3
2132,93630028,2
2133,2599721,3
2134,63215234,3
2135,90363870,2
2136,70218719,3
2137,52614588,2
2138,94093356,2
2139,40228729,3
2140,69047112,2
2141,68580741,1
2142,6404502,2
2143,1582051,2
2144,18945676,2
2145,75269287,3
2146,46295940,3
2147,21736444,1
2148,43740135,1
2149,82181502,1
2150,55548773,3
2151,22809172,1
2152,54371670,2
2153,95356183,3
2154,25490845,1
2155,68109512,1
2156,69231911,3
2157,48317103,1
2158,94286691,1
2159,72398284,1
2160,79470190,1
2161,70340980,3
2162,16520129,3
2163,21401468,2
2164,5176392,3
2165,96623093,3
2166,45647795,2
2167,29061949,3
2168,66630075,3
2169,36625655,1
2170,53404048,2
2171,50306620,2
2172,87915215,2
2173,11012785,1
2174,55035543,2
2175,90972458,1
2176,58635173,3
2177,6761650,3
2178,38171346,2
2179,33900019,2
2180,80248967,1
2181,9149580,1
2182,58739528,1
2183,62774962,1
2184,93821649,2
2185,69858344,2
2186,60330243,2
2187,18023232,1
2188,44811514,3
2189,89096698,2
2190,32015244,1
2191,41124676,2
2192,9452383,3
2193,3930633,2
2194,55306217,3
2195,80554370,3
2196,1331314,2
2197,61471691,2
2198,20764931,2
2199,80848701,1
2200,87735680,1
2201,13619724,1
2202,6969326,2
2203,97817763,2
2204,23242377,3
2205,41132575,2
2206,74359998,3
2207,54053297,2
2208,3875231,2
2209,96304410,2
2210,6448686,3
2211,42094348,2
2212,82163596,1
2213,6520839,2
2214,54519834,2
2215,80593075,1
2216,94119065,2
2217,7178635,1
2218,45478068,2
2219,82038862,1
2220,75845281,3
2221,21160037,1
2222,91041527,3
2223,20233226,3
2224,60145766,2
2225,70410069,3
2226,45235935,2
2227,67835297,2
2228,76100039,1
2229,35209776,2
2230,15625213,3
2231,99133983,2
2232,28951321,3
2233,69156739,2
2234,15507498,3
2235,76547659,2
2236,96357259,1
2237,99559083,1
2238,821376,1
2239,67772944,2
2240,25442545,2
2241,15246701,1
2242,21540236,1
2243,40945273,3
2244,88171283,2
2245,13918399,3
2246,60156469,2
2247,21116630,2
2248,72833095,3
2249,43414875,2
2250,94132784,2
2251,96385717,3
2252,67103292,3
2253,59514237,1
2254,2761985,1
2255,2933606,1
2256,62686912,2
2257,56910850,2
2258,82119637,2
2259,64336892,1
2260,28127237,1
2261,94622531,2
2262,8278097,1
2263,29401477,2
2264,71789602,1
2265,50482646,3
2266,16482466,1
2267,58855971,3
2268,44548213,1
2269,78789377,3
2270,40806438,3
2271,57225981,3
2272,47419937,2
2273,20930826,3
2274,28640493,1
2275,63284313,2
2276,34084210,3
2277,16599563,3
2278,67413491,3
2279,46031389,2
2280,20611469,1
2281,7632520,3
2282,74186254,2
2283,28611959,2
2284,53978907,3
2285,77208177,1
2286,2860306,2
2287,94469494,3
2288,66634626,3
2289,83613144,1
2290,17791372,1
2291,99093252,3
2292,95980896,1
2293,30462130,3
2294,24922413,1
2295,36220497,1
2296,40943888,2
2297,53149506,2
2298,58929848,2
2299,35680213,3
2300,69625514,2
2301,40665326,1
2302,99540478,2
2303,91191393,2
2304,16816082,3
2305,5736450,1
2306,99983667,3
2307,4573733,2
2308,78517972,3
2309,80964309,2
2310,21330207,2
2311,63664612,1
2312,16986311,1
2313,70505396,1
2314,55367030,2
2315,86896833,3
2316,33956778,3
2317,44554348,1
2318,46230473,2
2319,37578108,2
2320,30661471,2
2321,7221301,1
2322,94435519,2
2323,30748418,1
2324,23437956,2
2325,50323599,1
2326,32843248,2
2327,45793593,1
2328,15887185,2
2329,66012657,1
2330,23681376,2
2331,85736996,3
2332,60720276,3
2333,17163674,3
2334,72936496,2
2335,54626390,1
2336,34419765,2
2337,17888117,3
2338,60864650,3
2339,23042887,1
2340,66433974,2
2341,666132,2
2342,59215945,2
2343,32605634,1
2344,30936101,1
2345,39784316,1
2346,33625952,3
2347,11936177,1
2348,65030844,2
2349,97446206,3
2350,86595261,1
2351,38737039,1
2352,70852148,1
2353,80389421,1
2354,36706344,3
2355,29936957,2
2356,27172170,2
2357,74459820,1
2358,51087244,2
2359,66027714,1
2360,85208762,3
2361,51785456,3
2362,32722328,2
2363,53737487,1
2364,80639834,1
2365,68245487,3
2366,45713644,3
2367,49937267,3
2368,78411646,3
2369,72897675,2
2370,33842057,3
2371,12702180,3
2372,38717177,3
2373,89433940,2
2374,54021904,2
2375,69967622,2
2376,60291591,2
2377,84433888,2
2378,15702164,2
2379,76065213,2
2380,39521489,3
2381,5998494,2
2382,41320514,3
2383,75834254,1
2384,59628430,1
2385,28673384,1
2386,4369827,3
2387,29257603,3
2388,84946359,2
2389,70876117,2
2390,21456165,1
2391,54804465,3
2392,73843827,3
2393,54150702,2
2394,98786540,1
2395,11766725,2
2396,77808399,1
2397,65907427,2
2398,41854541,1
2399,74896913,3
2400,48296501,2
2401,11020388,2
2402,19072516,2
2403,12418634,1
2404,96392114,2
2405,70232648,2
2406,75735531,2
2407,69175215,2
2408,47877428,1
2409,30357650,1
2410,68627965,3
2411,15521597,1
2412,19376527,2
2413,84105893,3
2414,74018757,1
2415,95410517,2
2416,16062235,2
2417,94655044,2
2418,94502519,3
2419,4385357,2
2420,96557505,1
2421,19461767,3
2422,47535626,2
2423,65285406,3
2424,48190646,3
2425,28069446,2
2426,49236600,3
2427,9369840,3
2428,72920145,1
2429,89827902,1
2430,56418668,1
2431,83778742,3
2432,26336774,2
2433,46617747,1
2434,37919284,3
2435,24679238,3
2436,95040271,1
2437,3876164,1
2438,99385590,1
2439,72598452,2
2440,38785514,3
2441,8257569,2
2442,71389331,3
2443,76261387,3
2444,16719556,2
2445,32663506,2
2446,90257774,2
2447,23296133,3
2448,23809941,2
2449,5217889,1
2450,95524050,1
2451,36926571,2
2452,71067545,2
2453,53353292,1
2454,96189027,2
2455,37164880,3
2456,59214795,1
2457,24336138,1
2458,75351540,2
2459,15899310,1
2460,72560627,1
2461,53050317,1
2462,25417262,2
2463,91739069,1
2464,54360132,1
2465,90654567,1
2466,19029978,1
2467,11189790,2
2468,47205081,1
2469,91546337,3
2470,48826872,2
2471,29043136,2
2472,47965107,3
2473,64278704,1
2474,17985203,2
2475,12983207,2
2476,29373373,1
2477,36687931,1
2478,81459626,2
2479,27108493,3
2480,71111440,1
2481,88803149,2
2482,84723394,1
2483,53732246,2
2484,31004904,1
2485,7517295,1
2486,53894059,3
2487,55552644,3
2488,57420976,3
2489,40399457,3
2490,54607373,1
2491,11044554,3
2492,89259368,1
2493,68684345,1
2494,88268647,3
2495,24760448,1
2496,46171023,1
2497,2870792,2
2498,30677082,2
2499,15540089,1
2500,73757245,2
2501,1462177,2
2502,18793172,3
2503,83963841,2
2504,66313022,2
2505,85009039,2
2506,51880016,1
2507,16414600,1
2508,4928450,2
2509,5176461,2
2510,19719003,3
2511,74421482,2
2512,68052061,2
2513,80511705,2
2514,83868873,3
2515,31874437,2
2516,66532704,1
2517,5602531,3
2518,33524206,3
2519,33562366,2
2520,43782499,3
2521,22961342,3
2522,1941539,3
2523,85598872,2
2524,60726824,3
2525,66946104,3
2526,22044835,1
2527,48299101,2
2528,75539291,2
2529,28337143,1
2530,42237261,3
2531,51245683,1
2532,71353816,3
2533,70307748,3
2534,34931226,3
2535,32634125,2
2536,1680848,1
2537,7153963,2
2538,47079899,1
2539,54604267,2
2540,5161606,2
2541,24585612,1
2542,45416884,2
2543,59234068,1
2544,30671382,3
2545,37913197,1
2546,63125443,1
2547,62730966,2
2548,99074318,2
2549,64157734,1
2550,82580400,1
2551,74777460,2
2552,34959687,2
2553,3697070,2
2554,37974333,2
2555,52527664,1
2556,78007563,3
2557,24493315,1
2558,1817674,2
2559,88210355,2
2560,46572024,1
2561,8178372,3
2562,86723970,2
2563,40426530,2
2564,48070965,2
2565,94274354,3
2566,51119810,3
2567,48434972,1
2568,4635676,1
2569,9897969,2
2570,29897604,1
2571,70464681,2
2572,27707783,2
2573,67851211,1
2574,22100032,2
2575,81871701,1
2576,74459603,1
2577,78061498,1
2578,30487379,3
2579,49624866,1
2580,84566653,2
2581,3981304,2
2582,71821319,3
2583,41811970,2
2584,72473363,3
2585,16773311,1
2586,58747197,1
2587,2702381,3
2588,71370007,3
2589,88510220,3
2590,18890240,2
2591,74665912,1
2592,35787620,2
2593,41768326,2
2594,25425435,2
2595,26302860,2
2596,79440276,1
2597,75379447,2
2598,50589132,1
2599,66286173,1
2600,25918619,1
2601,3445810,3
2602,50912194,1
2603,29642533,3
2604,14926974,1
2605,3570329,2
2606,31220447,3
2607,4740795,1
2608,9401922,1
2609,51697178,1
2610,94610318,2
2611,65499556,1
2612,25508651,2
2613,59412156,3
2614,63365535,3
2615,27600896,3
2616,63494858,2
2617,83635828,2
2618,39562102,1
2619,48355423,2
2620,6640212,3
2621,50916685,2
2622,80050598,1
2623,89605726,3
2624,89469436,3
2625,85611729,3
2626,71951116,3
2627,11102949,1
2628,23910849,1
2629,86405278,1
2630,43508845,3
2631,36008287,2
2632,58474241,1
2633,30992036,2
2634,3381629,1
2635,60974504,2
2636,86890539,2
2637,43252131,2
2638,13788744,2
2639,52978650,2
2640,4126993,1
2641,59852160,3
2642,70040292,1
2643,31657072,1
2644,96054174,3
2645,98420696,2
2646,37537421,3
2647,6959951,1
2648,51755164,1
2649,73363323,2
2650,84578425,2
2651,80382754,1
2652,89084501,2
2653,81274869,2
2654,21226601,1
2655,80068679,1
2656,96777385,3
2657,8367520,1
2658,58072708,3
2659,13035485,1
2660,75445816,1
2661,36916427,3
2662,80090733,3
2663,59199131,3
2664,52596495,3
2665,9774120,2
2666,81218997,2
2667,63282371,3
2668,59173240,1
2669,186125,2
2670,51595601,1
2671,77569219,3
2672,60531413,3
2673,81392307,3
2674,29087191,1
2675,59808995,3
2676,2200518,3
2677,99888563,3
2678,80219201,2
2679,49721439,2
2680,24081224,1
2681,46121841,2
2682,18250069,2
2683,99905172,3
2684,62280129,1
2685,25776927,3
2686,39454110,1
2687,13360211,1
2688,20532064,1
2689,14473251,2
2690,57266982,3
2691,76697136,1
2692,40767053,3
2693,98954632,1
2694,18694988,3
2695,92868429,2
2696,11144497,1
2697,88569138,1
2698,19960444,1
2699,95154018,2
2700,49476623,3
2701,46144044,3
2702,32347516,3
2703,80636028,2
2704,92497841,3
2705,5184799,2
2706,57614078,1
2707,14150361,3
2708,69042216,3
2709,86752187,3
2710,49842238,2
2711,8276030,2
2712,37469047,2
2713,62004859,3
2714,55515230,2
2715,43072489,1
2716,44924943,1
2717,62261958,1
2718,41326756,2
2719,20039399,3
2720,60605373,1
2721,87063273,2
2722,71759766,3
2723,96846708,2
2724,39233813,2
2725,83398094,3
2726,9655112,2
2727,31092305,2
2728,39877179,2
2729,12089662,2
2730,59122953,2
2731,46618816,2
2732,42853926,3
2733,72235675,3
2734,28342372,3
2735,2815533,1
2736,13062357,2
2737,26212169,1
2738,5912682,3
2739,12734176,3
2740,30148943,2
2741,3194897,2
2742,73185827,3
2743,9922907,2
2744,78711892,3
2745,28346453,2
2746,87707894,1
2747,35237677,3
2748,19225461,3
2749,47087290,1
2750,59949960,3
2751,64813798,2
2752,31862258,2
2753,61384021,2
2754,6796948,3
2755,90334379,2
2756,8269226,2
2757,93140904,2
2758,29696923,3
2759,15050106,3
2760,42053795,3
2761,68294374,1
2762,53321090,2
2763,55020080,2
2764,68460999,1
2765,82148753,3
2766,55538956,1
2767,17754537,3
2768,85735467,2
2769,29320052,3
2770,80963163,2
2771,15647482,1
2772,15119942,2
2773,91914498,2
2774,88124253,2
2775,24407668,2
2776,92644147,2
2777,2360207,1
2778,91027552,3
2779,3664743,1
2780,79679448,1
2781,9519744,2
2782,33271530,1
2783,2544880,1
2784,95039718,3
2785,48523432,2
2786,18222766,2
2787,69875909,2
2788,30530030,3
2789,32690721,1
2790,11340975,2
2791,30132542,2
2792,32318078,2
2793,28764250,3
2794,28259369,2
2795,37811338,3
2796,68365793,3
2797,35754658,1
2798,13156945,1
2799,21310826,3
2800,34734405,2
2801,33700559,2
2802,85430270,2
2803,96969433,2
2804,69954847,2
2805,12135570,3
2806,19785165,1
2807,83079751,3
2808,87928771,1
2809,66718392,1
2810,59276431,3
2811,97680763,1
2812,58652494,1
2813,95665543,3
2814,22706120,2
2815,57487505,2
2816,30502017,3
2817,42521411,1
2818,60237110,3
2819,50401689,1
2820,78474969,3
2821,46144692,3
2822,52783785,1
2823,36340873,2
2824,18551611,3
2825,36658402,1
2826,13044527,2
2827,43156893,2
2828,98391336,2
2829,23546891,2
2830,71707402,2
2831,46003951,2
2832,57957624,3
2833,1679946,2
2834,88167050,1
2835,46497052,2
2836,49515482,2
2837,57696405,1
2838,26167096,1
2839,87216102,3
2840,61525705,2
2841,86301234,2
2842,84289038,2
2843,33952573,1
2844,31533062,2
2845,71964805,1
2846,96564026,3
2847,39007247,3
2848,96175595,3
2849,47497599,1
2850,2779401,2
2851,36486669,1
2852,54636889,3
2853,270739,2
2854,84707642,3
2855,26828492,1
2856,46191018,2
2857,73585217,2
2858,88688437,2
2859,38740299,1
2860,21624794,2
2861,90396970,1
2862,6159749,1
2863,79025173,2
2864,56199920,2
2865,2419621,3
2866,24375047,2
2867,78830846,2
2868,57895353,1
2869,98011948,1
2870,57751678,1
2871,28337106,2
2872,8538143,1
2873,32578242,3
2874,7089432,3
2875,54664487,1
2876,58420277,1
2877,14047601,3
2878,74180798,2
2879,8051736,2
2880,83463363,1
2881,24080952,2
2882,64668984,3
2883,90485905,2
2884,62971454,2
2885,91055582,3
2886,87611063,1
2887,95465145,3
2888,16593694,2
2889,88167854,1
2890,39779838,2
2891,35309774,2
2892,55563615,1
2893,3825093,2
2894,97200646,2
2895,69075868,2
2896,5445605,2
2897,59512426,2
2898,9876890,2
2899,25255256,2
2900,71205723,1
2901,26323134,2
2902,46934932,3
2903,59891372,1
2904,37427197,2
2905,75572859,1
2906,20535113,1
2907,86478908,3
2908,67482233,3
2909,74894134,2
2910,79084011,3
2911,28424019,1
2912,76778136,3
2913,29303076,1
2914,35561690,3
2915,63902824,1
2916,98902255,2
2917,21304533,2
2918,29106978,2
2919,9789669,2
2920,70727545,2
2921,80032625,3
2922,75269874,1
2923,347816,3
2924,52766513,2
2925,1661441,1
2926,32536540,1
2927,88317253,2
2928,99432892,1
2929,45082579,2
2930,92826249,1
2931,41289684,1
2932,91499337,2
2933,26825546,2
2934,61403242,2
2935,35520018,3
2936,60947957,2
2937,55151182,2
2938,29934925,1
2939,13560339,3
2940,88231492,1
2941,40455895,2
2942,46711388,1
2943,58642627,2
2944,27423966,3
2945,92975959,3
2946,30579318,2
2947,3274930,2
2948,41768852,2
2949,91337862,1
2950,20733901,2
2951,12208504,3
2952,54209570,2
2953,8310017,3
2954,90097684,1
2955,13616301,3
2956,68723071,2
2957,53999438,1
2958,9957677,3
2959,91882555,1
2960,42182931,3
2961,70865662,1
2962,37861481,3
2963,55182533,2
2964,36974072,3
2965,24329416,2
2966,19313619,2
2967,49344884,3
2968,82339005,1
2969,59127817,2
2970,35223263,2
2971,69504479,2
2972,23206563,2
2973,92906933,1
2974,4354447,2
2975,3879506,1
2976,75723038,2
2977,37951565,2
2978,40694485,1
2979,80043776,3
2980,76098007,2
2981,16062017,3
2982,5528996,2
2983,80370320,3
2984,98051676,1
2985,24176439,1
2986,82707583,1
2987,92310017,1
2988,79312995,1
2989,80965288,2
2990,58376144,3
2991,9641360,3
2992,8403750,3
2993,81678,2
2994,17988084,2
2995,68846006,2
2996,16418699,1
2997,3010614,1
2998,33349350,2
2999,47925466,1
3000,49777120,2
3001,38347130,1
3002,43313459,2
3003,56691236,3
3004,41900837,1
3005,8661790,3
3006,81361048,3
3007,75748204,1
3008,42823975,2
3009,29184390,3
3010,29593077,1
3011,75579638,3
3012,48465854,1
3013,84111173,2
3014,92233317,2
3015,58208062,1
3016,70645370,2
3017,49052791,1
3018,29458063,3
3019,84230988,1
3020,10166775,1
3021,59470907,1
3022,51317943,1
3023,81989231,2
3024,82024238,2
3025,40633245,3
3026,75960220,1
3027,5362475,2
3028,51538566,3
3029,4518196,2
3030,70895504,2
3031,45030976,1
3032,93617561,3
3033,14645675,2
3034,87407504,2
3035,3780289,3
3036,15781542,1
3037,97616455,2
3038,70804354,1
3039,45160878,1
3040,54552786,1
3041,17632027,1
3042,84079849,3
3043,21824644,1
3044,57875793,2
3045,56185944,1
3046,32167088,3
3047,44221051,3
3048,13826520,3
3049,46670998,3
3050,64289216,2
3051,13359234,2
3052,74151871,3
3053,52322607,1
3054,5357530,2
3055,40252696,3
3056,23936758,1
3057,9774315,1
3058,5463608,2
3059,34567776,3
3060,77961604,1
3061,89301570,3
3062,49924744,3
3063,40180588,1
3064,44131930,2
3065,12432163,3
3066,96014648,3
3067,83809325,2
3068,62042936,3
3069,86142531,1
3070,90668370,3
3071,32259435,3
3072,67145022,1
3073,31919708,1
3074,40515443,3
3075,35774455,1
3076,31891893,3
3077,29898311,2
3078,30664442,1
3079,52437505,1
3080,84445284,2
3081,69515849,1
3082,59020640,1
3083,53392793,2
3084,36350481,3
3085,55932464,3
3086,86379722,1
3087,52761186,1
3088,50053556,3
3089,65417282,3
3090,64112281,2
3091,83376702,3
3092,63775581,1
3093,58981259,2
3094,80043068,1
3095,85742659,2
3096,58855928,2
3097,38971443,3
3098,12132975,3
3099,13564349,2
3100,73440738,2
3101,48400737,1
3102,20209050,2
3103,99768059,2
3104,44634095,2
3105,71041144,1
3106,33706540,1
3107,8343209,2
3108,67706425,2
3109,96411439,2
3110,78152393,2
3111,58022034,3
3112,9276907,3
3113,42655220,3
3114,60156416,1
3115,56832957,1
3116,34645568,2
3117,82233568,1
3118,14040381,3
3119,82457164,1
3120,78386222,3
3121,52140827,1
3122,99504386,2
3123,32122798,1
3124,94507004,2
3125,72273997,2
3126,8044746,1
3127,24666943,2
3128,91406313,3
3129,6897059,2
3130,71267014,2
3131,86353990,1
3132,9680626,1
3133,87981107,2
3134,42021313,3
3135,33664109,2
3136,7436914,3
3137,29082910,3
3138,40971164,2
3139,31750933,2
3140,74211924,3
3141,23862781,3
3142,31657046,1
3143,13008289,3
3144,8821462,3
3145,46653198,2
3146,60153298,3
3147,76924789,3
3148,51970988,3
3149,90976697,2
3150,1605307,2
3151,89483523,1
3152,48499597,2
3153,6115177,3
3154,85270953,1
3155,15430940,3
3156,11768202,2
3157,12276541,3
3158,6035399,1
3159,3107199,1
3160,68552003,2
3161,53044314,1
3162,33847831,2
3163,25686256,2
3164,16811925,1
3165,90444684,1
3166,21328137,2
3167,55657421,2
3168,69548174,2
3169,59517535,1
3170,29646730,1
3171,61982616,3
3172,47733605,3
3173,58176078,1
3174,23433272,3
3175,92037183,3
3176,16992131,2
3177,6921689,1
3178,33759473,3
3179,10633461,2
3180,96872439,2
3181,60596219,2
3182,78025067,1
3183,50037536,3
3184,24132975,3
3185,24000268,1
3186,46910023,2
3187,94529553,1
3188,28097978,1
3189,78172612,2
3190,39218516,3
3191,41416231,3
3192,96023233,2
3193,77595169,2
3194,61928075,2
3195,71376557,1
3196,2046379,3
3197,42892740,1
3198,95159841,2
3199,68942111,2
3200,14300922,2
3201,38678906,3
3202,11447807,2
3203,41468943,1
3204,70128613,2
3205,37262923,1
3206,36881920,2
3207,22029711,3
3208,8890349,2
3209,97219524,2
3210,45862523,3
3211,63320405,3
3212,74526560,3
3213,96125366,2
3214,58500708,3
3215,33488678,2
3216,12461550,3
3217,89400642,1
3218,67297100,2
3219,44740965,1
3220,170262,1
3221,18256489,3
3222,2772481,1
3223,46694670,2
3224,89737750,2
3225,34953220,1
3226,53742626,3
3227,73718478,3
3228,28425796,1
3229,77230004,3
3230,75956394,1
3231,40461769,1
3232,36929721,1
3233,76124541,2
3234,35070827,1
3235,42512939,3
3236,85539756,1
3237,33231743,1
3238,1091785,3
3239,3075322,3
3240,65986979,1
3241,70052538,2
3242,49935952,2
3243,73472197,2
3244,24463258,2
3245,64308761,3
3246,69636439,2
3247,94909263,2
3248,62123939,1
3249,95161963,2
3250,70594924,3
3251,71170113,1
3252,15525190,2
3253,64699400,3
3254,16724226,1
3255,98744420,3
3256,34803919,2
3257,64183006,3
3258,15975682,2
3259,52975308,1
3260,28532716,3
3261,59747859,3
3262,29385574,2
3263,56084322,3
3264,35824430,1
3265,99963374,3
3266,21192670,2
3267,45349612,3
3268,48957874,1
3269,27360299,3
3270,13194965,2
3271,81143013,1
3272,54395889,1
3273,18489222,1
3274,20435071,2
3275,12398220,2
3276,41212022,2
3277,32333069,1
3278,94535097,2
3279,72372404,3
3280,73417691,1
3281,75305032,3
3282,28997148,1
3283,25841461,2
3284,26030337,3
3285,1953580,3
3286,13524818,2
3287,11815684,1
3288,97540030,1
3289,23452576,3
3290,57635980,3
3291,11556825,2
3292,37361776,3
3293,90111343,3
3294,11115920,1
3295,51711788,1
3296,98114130,1
3297,73958176,2
3298,96231171,2
3299,94396305,2
3300,84982938,1
3301,8508585,1
3302,28036578,2
3303,32231749,2
3304,99780059,1
3305,5359620,3
3306,59912200,1
3307,20907283,3
3308,83396143,2
3309,32399099,2
3310,60848898,2
3311,89394532,2
3312,82321085,3
3313,44045426,1
3314,55559192,2
3315,95672372,2
3316,27103927,2
3317,20374345,2
3318,67550852,2
3319,27674334,3
3320,28080051,2
3321,21483726,1
3322,93554846,1
3323,29084390,2
3324,45575408,3
3325,32348035,3
3326,15284459,3
3327,14045823,1
3328,93246235,3
3329,69266901,2
3330,53140144,3
3331,30031759,2
3332,41419594,2
3333,43323817,3
3334,94035554,2
3335,70484443,2
3336,38866584,3
3337,73743436,2
3338,85987662,2
3339,49478694,3
3340,34908703,3
3341,16174593,1
3342,87844313,2
3343,19699415,2
3344,31807054,2
3345,79732402,2
3346,6411393,2
3347,76709241,3
3348,68056564,1
3349,51155164,1
3350,50762463,2
3351,63169191,1
3352,49703830,3
3353,32169144,2
3354,25791519,1
3355,27006175,3
3356,45875655,1
3357,51048181,2
3358,54946262,2
3359,63845366,1
3360,10917183,2
3361,69111446,1
3362,76394626,3
3363,54281580,3
3364,22086444,1
3365,38782532,3
3366,64967382,2
3367,18608105,2
3368,66857055,3
3369,86269490,3
3370,42287466,3
3371,49736975,1
3372,39533911,3
3373,91280158,2
3374,84338448,3
3375,63039621,1
3376,99458209,2
3377,89397298,1
3378,78641429,3
3379,23419208,2
3380,27991318,3
3381,25472189,1
3382,74696609,3
3383,50285280,3
3384,77318122,3
3385,45980076,3
3386,47217794,3
3387,17717070,1
3388,16502953,2
3389,92452276,2
3390,3598365,2
3391,26647318,2
3392,51559934,2
3393,23824685,2
3394,97949775,2
3395,91887206,2
3396,24042158,3
3397,66543081,2
3398,34060298,2
3399,77755399,2
3400,40693363,1
3401,8154649,2
3402,64839692,2
3403,15547118,1
3404,38501450,3
3405,75669488,3
3406,60677854,1
3407,20178890,3
3408,34614769,3
3409,75090181,1
3410,79029706,3
3411,81508680,2
3412,58069469,2
3413,44916218,1
3414,1685459,3
3415,20733781,1
3416,65680484,3
3417,6867161,3
3418,24027080,2
3419,4218270,2
3420,9466328,2
3421,79025791,1
3422,71187328,2
3423,23312836,3
3424,36715747,3
3425,33879061,2
3426,9499749,2
3427,56491901,2
3428,1387127,2
3429,38074307,2
3430,76952916,1
3431,20157067,1
3432,98016574,2
3433,41061702,1
3434,50766719,2
3435,30199788,1
3436,65016126,3
3437,16011475,3
3438,32985246,1
3439,44464301,2
3440,56958344,2
3441,56410826,3
3442,92345513,2
3443,82982243,3
3444,51269573,1
3445,28364505,2
3446,65380214,1
3447,98072299,2
3448,10320378,3
3449,2932650,2
3450,23585742,1
3451,36074136,2
3452,64760882,2
3453,51593155,2
3454,55445779,2
3455,35009895,1
3456,68418686,1
3457,65599582,1
3458,25820175,2
3459,68035229,2
3460,28833166,1
3461,41425341,2
3462,58311738,3
3463,83757012,1
3464,60615184,3
3465,22481240,3
3466,79570796,3
3467,4361111,1
3468,63142605,3
3469,80585790,2
3470,37060437,3
3471,93048459,2
3472,24981388,1
3473,95622814,1
3474,67621432,1
3475,59723061,3
3476,78603381,3
3477,48632769,1
3478,74287338,1
3479,41781762,3
3480,17128844,1
3481,84792555,3
3482,51355895,3
3483,36581126,2
3484,66794149,2
3485,99788805,1
3486,77563290,3
3487,79597646,3
3488,51413984,2
3489,35156122,3
3490,51808526,1
3491,17099110,1
3492,52850356,3
3493,90651507,2
3494,11087668,3
3495,63240558,1
3496,81881111,2
3497,88133496,3
3498,35455640,3
3499,54755996,1
3500,33080564,1
3501,91606818,3
3502,12513368,1
3503,91065750,3
3504,73254301,2
3505,30370834,3
3506,70064566,2
3507,49167094,3
3508,21265207,2
3509,77480351,3
3510,59991115,3
3511,27550361,2
3512,5501043,3
3513,93422710,1
3514,74469490,3
3515,14633382,1
3516,29425643,3
3517,48596865,3
3518,82490494,2
3519,43807016,2
3520,33326092,3
3521,46287493,2
3522,19937784,1
3523,84097363,1
3524,51978997,1
3525,6297590,3
3526,54975055,2
3527,79449892,1
3528,84170863,2
3529,31766860,2
3530,1943781,2
3531,15949285,3
3532,21018214,1
3533,91848348,3
3534,36357383,2
3535,93392955,1
3536,68720576,1
3537,39840385,3
3538,43103689,3
3539,86020479,1
3540,79391984,1
3541,22491516,1
3542,77035494,2
3543,60903382,1
3544,82835414,2
3545,30226496,3
3546,96368907,2
3547,3315865,1
3548,78803291,3
3549,43720485,1
3550,28950822,1
3551,59838276,1
3552,14453687,1
3553,26062343,2
3554,22859707,3
3555,21117101,2
3556,68605119,2
3557,86606491,2
3558,42095382,3
3559,88229451,3
3560,77036161,2
3561,8112723,2
3562,97510716,2
3563,22022550,2
3564,69339655,1
3565,76349716,2
3566,41752413,3
3567,52184197,2
3568,69081704,1
3569,90974885,2
3570,79609213,2
3571,4084538,3
3572,69868771,1
3573,47661210,3
3574,52159614,1
3575,8873500,3
3576,93141583,1
3577,34278659,3
3578,69096534,3
3579,78443530,3
3580,601991,2
3581,91153188,2
3582,9325107,3
3583,74225841,1
3584,11123497,1
3585,65684315,1
3586,61133840,2
3587,24760804,3
3588,33738828,2
3589,75391182,1
3590,48709086,1
3591,45008962,3
3592,77890169,3
3593,51893040,3
3594,71288086,1
3595,32673115,1
3596,80144574,2
3597,18578857,1
3598,74478347,3
3599,42160069,2
3600,61118540,1
3601,84586800,2
3602,52997661,2
3603,96000957,3
3604,14236935,1
3605,71888519,2
3606,43508015,3
3607,12710778,2
3608,55683065,2
3609,85890024,1
3610,69267026,2
3611,52842269,2
3612,73885607,3
3613,91198223,3
3614,49360363,3
3615,92643227,3
3616,60483772,1
3617,2826441,3
3618,74252225,3
3619,81359973,1
3620,24636333,1
3621,71448679,2
3622,64301882,3
3623,84054071,2
3624,45725789,1
3625,54949929,1
3626,11011648,1
3627,80963200,2
3628,90956049,3
3629,58219835,2
3630,98151078,2
3631,77564925,3
3632,97074277,3
3633,69798043,2
3634,10389848,2
3635,7953226,3
3636,33603221,1
3637,96550777,2
3638,48052058,2
3639,70105896,1
3640,6236224,3
3641,50564676,3
3642,89506805,2
3643,22492930,2
3644,52883889,1
3645,87784488,3
3646,16632029,2
3647,63564229,3
3648,10368590,3
3649,10077780,1
3650,20823899,2
3651,50038244,1
3652,37795428,3
3653,76797489,3
3654,86446676,3
3655,25994934,1
3656,2880443,2
3657,77053284,3
3658,54353735,1
3659,3041935,1
3660,28834837,2
3661,79436965,1
3662,42517913,3
3663,12897286,2
3664,12279628,3
3665,98691347,1
3666,40692062,2
3667,8328650,2
3668,29493580,2
3669,4302872,1
3670,22721969,2
3671,67863005,1
3672,5465507,3
3673,28215712,3
3674,88662052,2
3675,85784851,1
3676,90259023,2
3677,66917097,1
3678,46927414,3
3679,79003992,1
3680,43589330,2
3681,69579496,3
3682,17697235,1
3683,67048042,2
3684,54720311,3
3685,82179464,1
3686,22078718,1
3687,17251081,2
3688,14776869,1
3689,90647344,2
3690,67360986,1
3691,57321565,2
3692,10189754,2
3693,67528158,3
3694,87725424,3
3695,25764511,3
3696,91619239,2
3697,37487796,3
3698,35974817,3
3699,55415333,1
3700,83833680,2
3701,34867391,1
3702,93083297,3
3703,31322959,2
3704,42020599,3
3705,89573753,1
3706,21660813,3
3707,64689995,2
3708,65480655,2
3709,32884564,3
3710,64549785,3
3711,48234016,3
3712,14975639,2
3713,87702988,1
3714,63474607,3
3715,70182335,1
3716,44250838,2
3717,45771986,2
3718,94745006,1
3719,8750847,3
3720,86481108,2
3721,15562439,1
3722,14513938,1
3723,27264089,2
3724,82791862,1
3725,52558030,3
3726,66535810,1
3727,277642,3
3728,93001863,2
3729,63825297,2
3730,24360138,3
3731,74953228,2
3732,46154080,1
3733,9832346,2
3734,67195129,2
3735,32161363,2
3736,65938569,2
3737,38089739,2
3738,68541604,3
3739,77772641,2
3740,4375391,2
3741,90657517,1
3742,54100615,3
3743,56969143,2
3744,75741596,3
3745,41174679,1
3746,16886464,3
3747,18666088,2
3748,54333731,3
3749,15889025,1
3750,71160973,1
3751,94148846,2
3752,32454337,1
3753,76322952,1
3754,15382008,2
3755,40302364,3
3756,98866681,3
3757,24007914,3
3758,17918752,3
3759,66821869,3
3760,60224010,1
3761,17682658,2
3762,58490124,1
3763,1555072,2
3764,12589360,3
3765,85974855,2
3766,21627230,1
3767,88032467,3
3768,81084120,3
3769,17930712,1
3770,56830669,3
3771,64697940,2
3772,11502555,3
3773,10267337,1
3774,23546054,1
3775,92780633,3
3776,43176906,2
3777,36024696,2
3778,81701168,3
3779,19537665,2
3780,95446220,3
3781,74293588,3
3782,94529955,2
3783,58798033,3
3784,63865731,2
3785,91284312,3
3786,23299874,2
3787,83322822,3
3788,79904602,2
3789,74244681,1
3790,46693728,2
3791,60498359,3
3792,67611314,3
3793,59871565,2
3794,69567130,3
3795,65851096,1
3796,25877752,3
3797,74419226,3
3798,77705844,1
3799,32676822,1
3800,23129452,2
3801,8692720,2
3802,59872516,2
3803,16942238,2
3804,79544507,3
3805,15983429,2
3806,63121887,3
3807,1967914,3
3808,62592693,2
3809,41656118,2
3810,82939885,3
3811,86302552,2
3812,81174351,3
3813,34237764,3
3814,98544207,1
3815,97535904,2
3816,31000175,3
3817,66931336,3
3818,85382769,1
3819,14749234,2
3820,18783261,2
3821,82834834,3
3822,88078115,1
3823,36602622,1
3824,85756898,1
3825,80082187,1
3826,58662402,2
3827,59321302,2
3828,36934613,3
3829,35191970,2
3830,88607875,3
3831,57815204,3
3832,62696039,1
3833,30118505,3
3834,81148572,3
3835,56176771,1
3836,74247749,2
3837,46895031,1
3838,97889068,2
3839,10812243,1
3840,14039467,1
3841,66678320,2
3842,5779776,1
3843,61116273,2
3844,88153458,3
3845,77586745,2
3846,48135661,3
3847,84970817,3
3848,52577695,1
3849,24140636,2
3850,71536623,2
3851,2799133,1
3852,9610536,1
3853,36798291,1
3854,26150560,3
3855,52993365,1
3856,23665263,1
3857,33127196,2
3858,78080799,2
3859,48015981,1
3860,58767893,2
3861,53950140,2
3862,81120471,2
3863,72507047,3
3864,31581735,3
3865,45795062,3
3866,54142083,1
3867,25861312,2
3868,60953696,1
3869,36573525,3
3870,39671251,2
3871,56616808,2
3872,63407075,3
3873,41544376,1
3874,44910548,3
3875,28676961,1
3876,69222305,1
3877,96377889,2
3878,73975676,1
3879,8676478,2
3880,45910206,2
3881,12303537,2
3882,15788948,3
3883,26885156,1
3884,69893964,2
3885,12903539,1
3886,97347506,2
3887,74208048,1
3888,60585095,3
3889,33972372,3
3890,84566711,1
3891,71548364,3
3892,22202620,1
3893,20448920,3
3894,23189921,1
3895,56213975,2
3896,59228619,3
3897,18016188,1
3898,7040062,2
3899,44502182,2
3900,70638927,2
3901,35708047,3
3902,1170383,3
3903,77899270,2
3904,40843503,2
3905,62026691,2
3906,14378064,3
3907,98127081,3
3908,15795355,2
3909,57321214,1
3910,36350903,1
3911,26288393,3
3912,32699180,3
3913,20453306,1
3914,23179237,3
3915,89545526,3
3916,8040376,1
3917,35282149,1
3918,56974171,1
3919,88887441,2
3920,25682177,2
3921,87277430,3
3922,77219808,2
3923,40486108,1
3924,28169827,2
3925,96524941,2
3926,48599614,3
3927,94459240,1
3928,38792306,1
3929,19657360,3
3930,6826517,3
3931,73217991,3
3932,68732894,3
3933,93521831,3
3934,5922414,2
3935,52289043,1
3936,92845410,2
3937,41077345,3
3938,88420049,1
3939,9415719,3
3940,31928314,2
3941,29595879,3
3942,38433129,2
3943,96638982,1
3944,22853024,2
3945,65379771,3
3946,11325131,1
3947,32517693,3
3948,20387403,2
3949,7642542,3
3950,364943,2
3951,85857604,1
3952,57471522,3
3953,27605390,1
3954,8467660,1
3955,15480493,1
3956,83517929,2
3957,59757804,2
3958,29524470,3
3959,98273609,3
3960,46140550,3
3961,96703306,3
3962,37360622,2
3963,93588746,3
3964,58359114,2
3965,91928761,1
3966,72841948,3
3967,77883978,1
3968,74138576,2
3969,87503053,2
3970,88792349,3
3971,599214,3
3972,72504909,1
3973,59482929,3
3974,77732096,2
3975,70164529,3
3976,84358496,1
3977,97734194,1
3978,40184631,1
3979,26483968,3
3980,24599069,2
3981,60520197,1
3982,57904332,2
3983,24226353,2
3984,42773100,1
3985,3814708,2
3986,13917384,3
3987,72119075,1
3988,83011565,2
3989,50448485,2
3990,94850185,2
3991,95309953,1
3992,84964214,3
3993,20229941,3
3994,74560625,1
3995,92416157,3
3996,10254346,1
3997,23421091,1
3998,97443733,3
3999,19945229,2
4000,85484083,2
4001,57389023,3
4002,25701353,3
4003,13024554,2
4004,40023315,3
4005,42514040,2
4006,45774870,1
4007,63204078,2
4008,49879463,1
4009,59792563,2
4010,54213805,3
4011,60849144,1
4012,25466810,2
4013,35339650,2
4014,16106254,2
4015,42692820,3
4016,4200633,1
4017,2313815,2
4018,58759707,3
4019,61585463,2
4020,95814624,2
4021,58684535,1
4022,93217908,1
4023,81938801,3
4024,75657101,2
4025,41548858,2
4026,70627269,2
4027,65601723,3
4028,24961883,3
4029,19349186,3
4030,50437405,2
4031,14057680,3
4032,26683479,1
4033,26973950,3
4034,29006412,3
4035,46285920,1
4036,17880925,3
4037,13892749,1
4038,74971618,2
4039,13640099,3
4040,6964297,2
4041,2748409,1
4042,17288153,2
4043,98209447,3
4044,91889766,3
4045,99656767,1
4046,5375362,3
4047,71090110,3
4048,77199996,3
4049,19469053,2
4050,53207109,1
4051,4120239,3
4052,96176164,2
4053,79962843,3
4054,61490261,1
4055,48383185,1
4056,76600577,2
4057,14627738,3
4058,98110449,1
4059,83778673,1
4060,94299627,1
4061,78436081,2
4062,56146153,1
4063,98454933,1
4064,34694521,2
4065,98201214,3
4066,15829463,1
4067,13272507,1
4068,76251993,3
4069,89853617,3
4070,62730924,2
4071,94560080,1
4072,50005999,2
4073,32325645,3
4074,50171942,2
4075,35443354,3
4076,35270811,3
4077,64853709,1
4078,11199287,3
4079,2575250,2
4080,41648663,2
4081,70219402,1
4082,65957289,3
4083,12203470,1
4084,85579112,3
4085,11889016,3
4086,16468511,3
4087,1167387,2
4088,11339812,2
4089,7920872,3
4090,48741448,1
4091,30223353,3
4092,15610275,1
4093,1810553,1
4094,53047613,1
4095,48607136,1
4096,73331087,3
4097,24183909,3
4098,41152853,1
4099,24604581,3
4100,75105317,2
4101,38109881,3
4102,60576794,2
4103,77372808,3
4104,28784463,1
4105,23542709,1
4106,95097963,1
4107,90062539,1
4108,9245676,2
4109,57160323,2
4110,86980475,1
4111,74758107,1
4112,68976923,2
4113,93124907,2
4114,91419848,3
4115,56031245,3
4116,84006113,1
4117,13662184,1
4118,11802223,3
4119,82992616,1
4120,7558708,1
4121,46081142,2
4122,64649150,3
4123,22202555,2
4124,54050794,3
4125,69378215,2
4126,85352780,2
4127,31526436,2
4128,42095357,2
4129,89633217,2
4130,22749051,2
4131,25004977,2
4132,44480495,3
4133,2188279,2
4134,40954540,3
4135,85338934,3
4136,53041063,2
4137,63757474,2
4138,55143777,1
4139,36522129,1
4140,23638110,2
4141,39232043,2
4142,76680422,3
4143,6222803,2
4144,42680425,3
4145,15904978,3
4146,80135676,2
4147,10399724,2
4148,72355711,2
4149,10459406,2
4150,74163737,3
4151,71558209,3
4152,5044049,1
4153,46682599,1
4154,35918456,3
4155,3579474,2
4156,44420917,1
4157,99813528,3
4158,51896528,3
4159,16362752,3
4160,77179406,3
4161,81586941,1
4162,467884,2
4163,61637513,1
4164,99852657,1
4165,1148423,1
4166,98114435,3
4167,97195074,1
4168,21159591,1
4169,21909264,2
4170,99862908,3
4171,76710382,1
4172,52268167,1
4173,16474252,3
4174,70690714,2
4175,30017615,3
4176,86976953,2
4177,88308056,3
4178,50917667,1
4179,17461771,1
4180,83283381,2
4181,75857220,2
4182,76694526,3
4183,89325181,2
4184,26077249,2
4185,28157668,3
4186,21195456,1
4187,11460475,1
4188,63168632,1
4189,95565122,2
4190,57425482,2
4191,69209749,3
4192,5307468,2
4193,58093414,3
4194,55680589,1
4195,27999663,1
4196,39101494,2
4197,66949306,1
4198,84219671,1
4199,39993085,2
4200,89738311,3
4201,30027962,3
4202,91731808,1
4203,89947218,2
4204,58113980,1
4205,6854770,1
4206,53201358,1
4207,34436649,1
4208,81874766,2
4209,47178282,3
4210,57337146,1
4211,90936664,2
4212,44204207,2
4213,77456482,1
4214,54320792,2
4215,51127166,2
4216,94854737,1
4217,93307776,2
4218,90684258,1
4219,77529918,1
4220,49783235,1
4221,68485953,2
4222,93597251,2
4223,33298030,2
4224,3494446,2
4225,94804906,2
4226,61270823,3
4227,5007859,2
4228,8010241,3
4229,62481790,2
4230,22835093,3
4231,72639617,1
4232,41370068,3
4233,1249796,1
4234,10147080,2
4235,79085913,3
4236,2753916,1
4237,42690957,2
4238,4149049,1
4239,33385493,1
4240,25770218,2
4241,95240894,3
4242,8595533,3
4243,85468719,3
4244,87121707,2
4245,37138963,1
4246,47888935,2
4247,64504529,1
4248,95235623,1
4249,74132398,1
4250,43374264,1
4251,16334171,3
4252,92821868,2
4253,10772755,3
4254,53562206,3
4255,47451445,1
4256,66890132,2
4257,17478828,1
4258,17123905,2
4259,17483904,3
4260,83554669,1
4261,85524948,3
4262,64583800,3
4263,29264148,1
4264,44691064,1
4265,39116372,1
4266,41709663,3
4267,75781077,3
4268,82349888,3
4269,79607508,3
4270,47488440,3
4271,10867215,2
4272,39613499,2
4273,18450757,1
4274,12759662,3
4275,69922907,3
4276,64718347,2
4277,59982199,3
4278,51826076,2
4279,837324,2
4280,55272919,1
4281,97495395,3
4282,692792,1
4283,53450026,1
4284,81824830,1
4285,1350546,1
4286,12347970,2
4287,80676221,2
4288,34835499,3
4289,57227609,2
4290,21837670,2
4291,61046063,1
4292,33513356,2
4293,74078683,3
4294,86231027,3
4295,82330162,1
4296,13361636,2
4297,66620608,1
4298,64179278,3
4299,72253281,2
4300,80930146,3
4301,81943652,1
4302,76966,2
4303,65080382,1
4304,23588989,2
4305,29220509,1
4306,26722895,1
4307,38025635,1
4308,92007217,2
4309,78675278,2
4310,25628403,3
4311,95629724,1
4312,28120091,3
4313,39110574,3
4314,5496554,2
4315,59004046,1
4316,65838682,1
4317,14474101,1
